input_id,link,title,category,address,open_hours,popular_times,website,phone,plus_code,review_count,review_rating,reviews_per_rating,latitude,longitude,cid,status,descriptions,reviews_link,thumbnail,timezone,price_range,data_id,images,reservations,order_online,menu,owner,complete_address,about,user_reviews,user_reviews_extended,emails
f0931a86-1ad3-4cde-a049-2fb11dc2349c,https://www.google.com/maps/place/Kirkhill+Forest/data=!4m7!3m6!1s0x4884140ab2ca0531:0xcbb8d5cca82dfad5!8m2!3d57.1932615!4d-2.2422798!16s%2Fm%2F0127gkm9!19sChIJMQXKsgoUhEgR1fotqMzVuMs?authuser=0&hl=en&rclk=1,Kirkhill Forest,Hiking area,"Kinellar, Aberdeen AB21 0TU","{""Friday"":[""Open 24 hours""],""Monday"":[""Open 24 hours""],""Saturday"":[""Open 24 hours""],""Sunday"":[""Open 24 hours""],""Thursday"":[""Open 24 hours""],""Tuesday"":[""Open 24 hours""],""Wednesday"":[""Open 24 hours""]}","{""Friday"":{""0"":51,""1"":55,""10"":33,""11"":37,""12"":37,""13"":35,""14"":40,""15"":46,""16"":57,""17"":75,""18"":100,""19"":97,""2"":48,""20"":95,""21"":73,""22"":60,""23"":62,""3"":40,""4"":24,""5"":22,""6"":26,""7"":35,""8"":33,""9"":33},""Monday"":{""0"":66,""1"":64,""10"":71,""11"":77,""12"":77,""13"":77,""14"":71,""15"":62,""16"":40,""17"":42,""18"":40,""19"":46,""2"":48,""20"":44,""21"":42,""22"":48,""23"":62,""3"":26,""4"":28,""5"":37,""6"":64,""7"":57,""8"":62,""9"":57},""Saturday"":{""0"":62,""1"":37,""10"":62,""11"":48,""12"":46,""13"":48,""14"":71,""15"":77,""16"":73,""17"":60,""18"":53,""19"":53,""2"":37,""20"":46,""21"":44,""22"":57,""23"":60,""3"":28,""4"":24,""5"":28,""6"":33,""7"":42,""8"":60,""9"":57},""Sunday"":{""0"":55,""1"":55,""10"":57,""11"":64,""12"":57,""13"":60,""14"":68,""15"":95,""16"":91,""17"":75,""18"":57,""19"":44,""2"":51,""20"":24,""21"":17,""22"":26,""23"":40,""3"":68,""4"":71,""5"":77,""6"":66,""7"":64,""8"":53,""9"":51},""Thursday"":{""0"":33,""1"":20,""10"":44,""11"":55,""12"":48,""13"":33,""14"":35,""15"":60,""16"":57,""17"":51,""18"":40,""19"":33,""2"":26,""20"":24,""21"":26,""22"":37,""23"":31,""3"":33,""4"":40,""5"":42,""6"":46,""7"":46,""8"":42,""9"":37},""Tuesday"":{""0"":48,""1"":53,""10"":42,""11"":35,""12"":35,""13"":31,""14"":42,""15"":46,""16"":64,""17"":66,""18"":91,""19"":77,""2"":46,""20"":57,""21"":53,""22"":46,""23"":53,""3"":48,""4"":46,""5"":46,""6"":35,""7"":42,""8"":42,""9"":53},""Wednesday"":{""0"":44,""1"":33,""10"":42,""11"":37,""12"":35,""13"":44,""14"":53,""15"":62,""16"":57,""17"":44,""18"":37,""19"":33,""2"":24,""20"":44,""21"":68,""22"":66,""23"":66,""3"":17,""4"":24,""5"":35,""6"":35,""7"":37,""8"":31,""9"":46}}",,0300 067 6200,5QV5+83 Aberdeen,422,4.600000,"{""1"":5,""2"":4,""3"":14,""4"":94,""5"":305}",57.193261,-2.242280,14679718060385762005,Open 24 hours,"Trails for walking, cycling & horse riding, plus a mountain bike park & tower with scenic views.",https://search.google.com/local/reviews?placeid=ChIJMQXKsgoUhEgR1fotqMzVuMs&q=Kirkhill+Forest&authuser=0&hl=en&gl=GB,https://lh3.googleusercontent.com/gps-cs-s/AC9h4npYN63R2H82IjXEG5WEA5G6C3pBDl0VZSJ8TUfbunIRc0mN7Lsw_rPxi4Zwz7U9lb5QeyEyHTV4ADRNEdMJvhEi90kv1ipXry2SBTDyj7QGMutjy260GK-zoVOzqFgPRVKBd9Y=w408-h272-k-no,Europe/London,,0x4884140ab2ca0531:0xcbb8d5cca82dfad5,"[{""title"":""All"",""image"":""https://lh3.googleusercontent.com/gps-cs-s/AC9h4npYN63R2H82IjXEG5WEA5G6C3pBDl0VZSJ8TUfbunIRc0mN7Lsw_rPxi4Zwz7U9lb5QeyEyHTV4ADRNEdMJvhEi90kv1ipXry2SBTDyj7QGMutjy260GK-zoVOzqFgPRVKBd9Y=w447-h298-k-no""},{""title"":""Property Maps"",""image"":""https://lh3.googleusercontent.com/gps-cs-s/AC9h4nqvXwSc2TYKwlfDxVMUmoAdTz35er2tu7cSWnSZPGLLUdiaYAEczzR0FN2izvUkD20fFe73lUwGRCqHnbdADqxTVAnMvSNZItyNwx3GDmfVG5kS63p8TPfbBOmxnnimb4rFLOLg=w529-h298-k-no""},{""title"":""Videos"",""image"":""https://lh3.googleusercontent.com/gps-cs-s/AC9h4nrXo-8IWQ7oYTufDWZvSV62Yof-1f0nKA8A-h1Q5mua9J8OSTXaOubCFbx5Dgvlmt8jbWeXCY_uYqYTWOmsL-8Z2UUBEEPOMzD6XJGlbbyPB1CzaYSzKCas6f_hlle7kTFLFXBA=w529-h298-k-no""},{""title"":""Street View \u0026 360°"",""image"":""https://lh3.googleusercontent.com/gps-cs-s/AC9h4noM2UMtb_iFu8W5BXf4JHTq7LWl7hTl3pqbT63SZRKRHvUoQl6AvlsF8OIrmC49tqZHlrF3OOFvxRU9eyfzcQbrPr1EeH73WVyPiSTfxGC9wgSyM-j9-wU-RYi-dpTtcAJmoG67=w224-h298-k-no-pi-20-ya220-ro0-fo100""}]",null,null,"{""link"":"""",""source"":""""}","{""id"":"""",""name"":""Kirkhill Forest (owner)"",""link"":""""}","{""borough"":""Kinellar"",""street"":"""",""city"":""Aberdeen"",""postal_code"":""AB21 0TU"",""state"":"""",""country"":""GB""}","[{""id"":""accessibility"",""name"":""Accessibility"",""options"":[{""name"":""Wheelchair-accessible car park"",""enabled"":true}]},{""id"":""activities"",""name"":""Activities"",""options"":[{""name"":""Cycling"",""enabled"":true},{""name"":""Hiking"",""enabled"":true},{""name"":""Jogging"",""enabled"":true},{""name"":""Loop trail"",""enabled"":true},{""name"":""Trail difficulty"",""enabled"":false},{""name"":""Walking"",""enabled"":true}]},{""id"":""children"",""name"":""Children"",""options"":[{""name"":""Good for kids"",""enabled"":true},{""name"":""Kid-friendly hikes"",""enabled"":true}]},{""id"":""pets"",""name"":""Pets"",""options"":[{""name"":""Dogs allowed"",""enabled"":true},{""name"":""Dogs allowed outside"",""enabled"":true}]}]",[],null,
f0931a86-1ad3-4cde-a049-2fb11dc2349c,https://www.google.com/maps/place/Solo+Walkies/data=!4m7!3m6!1s0x488443810194f917:0xfb2f104a859052ff!8m2!3d57.367976!4d-2.4627853!16s%2Fg%2F11ldx8vb16!19sChIJF_mUAYFDhEgR_1KQhUoQL_s?authuser=0&hl=en&rclk=1,Solo Walkies,Dog walker,"23 Earls Ree, Meikle Wartle, Inverurie AB51 5AF","{""Friday"":[""9 am–3 pm""],""Monday"":[""Closed""],""Saturday"":[""Closed""],""Sunday"":[""Closed""],""Thursday"":[""9 am–3 pm""],""Tuesday"":[""9 am–3 pm""],""Wednesday"":[""9 am–3 pm""]}",{},https://www.facebook.com/profile.php?id=61559011202276,07863 295879,9G9P+5V Inverurie,3,5.000000,"{""1"":0,""2"":0,""3"":0,""4"":0,""5"":3}",57.367976,-2.462785,18099703339679765247,Closed ⋅ Opens 9 am Thu,,https://search.google.com/local/reviews?placeid=ChIJF_mUAYFDhEgR_1KQhUoQL_s&q=Solo+Walkies&authuser=0&hl=en&gl=GB,https://lh3.googleusercontent.com/p/AF1QipNCeUlSEBNrblVq8B7-9AypOiT7V5f_rHq23JU=w408-h276-k-no,Europe/London,,0x488443810194f917:0xfb2f104a859052ff,"[{""title"":""All"",""image"":""https://lh3.googleusercontent.com/p/AF1QipNCeUlSEBNrblVq8B7-9AypOiT7V5f_rHq23JU=w439-h298-k-no""},{""title"":""By owner"",""image"":""https://lh3.googleusercontent.com/p/AF1QipOyJ_Jia_kscaRyPeCD4GOEUBnywU0uWDIt6vQ=w322-h298-k-no""},{""title"":""Street View \u0026 360°"",""image"":""https://streetviewpixels-pa.googleapis.com/v1/thumbnail?panoid=nSGw6KYaObhBMLfSBO51_w\u0026cb_client=maps_sv.tactile.gps\u0026w=224\u0026h=298\u0026yaw=6.9014707\u0026pitch=0\u0026thumbfov=100""}]",null,null,"{""link"":"""",""source"":""""}","{""id"":""105021709304877729883"",""name"":""Solo Walkies (owner)"",""link"":""https://www.google.com/maps/contrib/105021709304877729883""}","{""borough"":""Meikle Wartle"",""street"":""23 Earls Ree"",""city"":""Inverurie"",""postal_code"":""AB51 5AF"",""state"":"""",""country"":""GB""}",null,[],null,
f0931a86-1ad3-4cde-a049-2fb11dc2349c,https://www.google.com/maps/place/Luna%27s+walks/data=!4m7!3m6!1s0x48844100b4d49f53:0x10b9b79fe85150b2!8m2!3d57.2835014!4d-2.3833164!16s%2Fg%2F11smv44l1d!19sChIJU5_UtABBhEgRslBR6J-3uRA?authuser=0&hl=en&rclk=1,Luna's walks,Dog walker,"Davah Ct, Inverurie AB51 3YW","{""Friday"":[""9:30 am–4:30 pm""],""Monday"":[""9:30 am–4:30 pm""],""Saturday"":[""Closed""],""Sunday"":[""Closed""],""Thursday"":[""9:30 am–4:30 pm""],""Tuesday"":[""9:30 am–4:30 pm""],""Wednesday"":[""9:30 am–4:30 pm""]}",{},,,7JM8+CM Inverurie,3,5.000000,"{""1"":0,""2"":0,""3"":0,""4"":0,""5"":3}",57.283501,-2.383316,1205196272723644594,Closed ⋅ Opens 9:30 am Thu,,https://search.google.com/local/reviews?placeid=ChIJU5_UtABBhEgRslBR6J-3uRA&q=Luna's+walks&authuser=0&hl=en&gl=GB,https://lh3.googleusercontent.com/p/AF1QipPmx6eTmbLRCgs9aSU5GGuwmcXXBCcyLG4ccn5H=w425-h240-k-no,Europe/London,,0x48844100b4d49f53:0x10b9b79fe85150b2,"[{""title"":""All"",""image"":""https://lh3.googleusercontent.com/p/AF1QipPmx6eTmbLRCgs9aSU5GGuwmcXXBCcyLG4ccn5H=w528-h298-k-no""},{""title"":""By owner"",""image"":""https://lh3.googleusercontent.com/p/AF1QipOxPO6lxgRiXr650HCIWqdiQ90tjQwu_ZIUiiBc=w529-h298-k-no""},{""title"":""Street View \u0026 360°"",""image"":""https://streetviewpixels-pa.googleapis.com/v1/thumbnail?panoid=_0ZC8LyCdJ-JL4D0fzVBcA\u0026cb_client=maps_sv.tactile.gps\u0026w=224\u0026h=298\u0026yaw=36.559605\u0026pitch=0\u0026thumbfov=100""}]",null,null,"{""link"":"""",""source"":""""}","{""id"":""117483765728336429568"",""name"":""Luna's walks (owner)"",""link"":""https://www.google.com/maps/contrib/117483765728336429568""}","{""borough"":"""",""street"":""Davah Ct"",""city"":""Inverurie"",""postal_code"":""AB51 3YW"",""state"":"""",""country"":""GB""}","[{""id"":""from_the_business"",""name"":""From the business"",""options"":[{""name"":""Identifies as women-owned"",""enabled"":true}]},{""id"":""crowd"",""name"":""Crowd"",""options"":[{""name"":""LGBTQ+ friendly"",""enabled"":true},{""name"":""Transgender safe space"",""enabled"":true}]}]",[],null,
f0931a86-1ad3-4cde-a049-2fb11dc2349c,https://www.google.com/maps/place/Purely+Paws+Inverurie+Dog+Walker/data=!4m7!3m6!1s0x48846b886bae68d5:0x1e29692b5e40d677!8m2!3d57.2852326!4d-2.3837619!16s%2Fg%2F11rc74mm44!19sChIJ1Wiua4hrhEgRd9ZAXitpKR4?authuser=0&hl=en&rclk=1,Purely Paws Inverurie Dog Walker,Dog walker,,"{""Friday"":[""Open 24 hours""],""Monday"":[""Open 24 hours""],""Saturday"":[""Open 24 hours""],""Sunday"":[""Open 24 hours""],""Thursday"":[""Open 24 hours""],""Tuesday"":[""Open 24 hours""],""Wednesday"":[""Open 24 hours""]}",{},https://www.purelypawsinverurie.co.uk/,07871 645146,,1,5.000000,"{""1"":0,""2"":0,""3"":0,""4"":0,""5"":1}",57.285233,-2.383762,2173383930168792695,Open 24 hours,,https://search.google.com/local/reviews?placeid=ChIJ1Wiua4hrhEgRd9ZAXitpKR4&q=Purely+Paws+Inverurie+Dog+Walker&authuser=0&hl=en&gl=GB,https://lh3.googleusercontent.com/p/AF1QipO_RkVfxI4A_jM3x4HE2YVtiKel3dHJK0wxaOpf=w408-h883-k-no,Europe/London,,0x48846b886bae68d5:0x1e29692b5e40d677,"[{""title"":""All"",""image"":""https://lh3.googleusercontent.com/p/AF1QipO_RkVfxI4A_jM3x4HE2YVtiKel3dHJK0wxaOpf=w224-h484-k-no""},{""title"":""Dog"",""image"":""https://lh3.googleusercontent.com/p/AF1QipPuoBWs0rCcLCZXZE1GsU41CLpFUqjLAQrkz4nN=w397-h298-k-no""},{""title"":""By owner"",""image"":""https://lh3.googleusercontent.com/p/AF1QipOg6qpwsPMgCEGuFP-93vx8g5qIHBh8u2PTSEwv=w224-h298-k-no""}]",null,null,"{""link"":"""",""source"":""""}","{""id"":""109964545354910328729"",""name"":""Purely Paws Inverurie Dog Walker (owner)"",""link"":""https://www.google.com/maps/contrib/109964545354910328729""}","{""borough"":"""",""street"":"""",""city"":"""",""postal_code"":"""",""state"":"""",""country"":""""}",null,[],null,
f0931a86-1ad3-4cde-a049-2fb11dc2349c,https://www.google.com/maps/place/Paws+For+Walkies/data=!4m7!3m6!1s0x48846a2d3c623e3f:0x7fd2ac2a3ffa6a2d!8m2!3d57.3368786!4d-2.3174539!16s%2Fg%2F11btt6m9s6!19sChIJPz5iPC1qhEgRLWr6Pyqs0n8?authuser=0&hl=en&rclk=1,Paws For Walkies,Dog walker,"The Rectory, Urquhart Rd, Oldmeldrum, Inverurie AB51 0EX","{""Friday"":[""7 am–10 pm""],""Monday"":[""7 am–10 pm""],""Saturday"":[""9 am–5 pm""],""Sunday"":[""9 am–1 pm""],""Thursday"":[""7 am–10 pm""],""Tuesday"":[""7 am–10 pm""],""Wednesday"":[""7 am–10 pm""]}","{""Friday"":{""10"":27,""11"":16,""12"":33,""13"":38,""14"":55,""15"":44,""16"":55,""17"":55,""18"":55,""19"":38,""20"":22,""21"":27,""22"":0,""23"":0,""6"":0,""7"":11,""8"":16,""9"":22},""Monday"":{""10"":100,""11"":66,""12"":55,""13"":33,""14"":50,""15"":44,""16"":38,""17"":33,""18"":27,""19"":27,""20"":16,""21"":38,""22"":0,""23"":0,""6"":0,""7"":16,""8"":33,""9"":61},""Saturday"":{""10"":38,""11"":27,""12"":22,""13"":33,""14"":27,""15"":22,""16"":11,""17"":0,""18"":0,""19"":0,""20"":0,""21"":0,""22"":0,""23"":0,""6"":0,""7"":0,""8"":0,""9"":27},""Sunday"":{""10"":33,""11"":38,""12"":22,""13"":0,""14"":0,""15"":0,""16"":0,""17"":0,""18"":0,""19"":0,""20"":0,""21"":0,""22"":0,""23"":0,""6"":0,""7"":0,""8"":0,""9"":38},""Thursday"":{""10"":11,""11"":5,""12"":16,""13"":22,""14"":27,""15"":44,""16"":55,""17"":66,""18"":77,""19"":55,""20"":38,""21"":16,""22"":0,""23"":0,""6"":0,""7"":33,""8"":50,""9"":22},""Tuesday"":{""10"":27,""11"":33,""12"":44,""13"":27,""14"":11,""15"":5,""16"":22,""17"":33,""18"":16,""19"":16,""20"":22,""21"":27,""22"":0,""23"":0,""6"":0,""7"":38,""8"":33,""9"":22},""Wednesday"":{""10"":27,""11"":27,""12"":27,""13"":27,""14"":38,""15"":55,""16"":33,""17"":38,""18"":22,""19"":22,""20"":22,""21"":38,""22"":0,""23"":0,""6"":0,""7"":33,""8"":38,""9"":27}}",,07400 131343,8MPM+Q2 Inverurie,0,0.000000,"{""1"":0,""2"":0,""3"":0,""4"":0,""5"":0}",57.336879,-2.317454,9210613485388065325,Open ⋅ Closes 10 pm,,,https://streetviewpixels-pa.googleapis.com/v1/thumbnail?panoid=rCvdTJA26y-ghc7ICBq5fQ&cb_client=search.gws-prod.gps&w=408&h=240&yaw=286.05722&pitch=0&thumbfov=100,Europe/London,,0x48846a2d3c623e3f:0x7fd2ac2a3ffa6a2d,"[{""title"":""All"",""image"":""https://streetviewpixels-pa.googleapis.com/v1/thumbnail?panoid=rCvdTJA26y-ghc7ICBq5fQ\u0026cb_client=maps_sv.tactile.gps\u0026w=224\u0026h=298\u0026yaw=286.05722\u0026pitch=0\u0026thumbfov=100""},{""title"":""Dog"",""image"":""https://lh3.googleusercontent.com/p/AF1QipNo34XxdsD7HVEuJjw9zrkuNgj41wVh52GqIGlp=w466-h298-k-no""},{""title"":""By owner"",""image"":""https://lh3.googleusercontent.com/p/AF1QipPqZY7fRp-ClyEaoLm2KF1ns5rTHfD2HyrKTcMO=w298-h298-k-no""},{""title"":""Street View \u0026 360°"",""image"":""https://streetviewpixels-pa.googleapis.com/v1/thumbnail?panoid=rCvdTJA26y-ghc7ICBq5fQ\u0026cb_client=maps_sv.tactile.gps\u0026w=224\u0026h=298\u0026yaw=286.05722\u0026pitch=0\u0026thumbfov=100""}]",null,null,"{""link"":"""",""source"":""""}","{""id"":""104172091893712078517"",""name"":""Paws For Walkies (owner)"",""link"":""https://www.google.com/maps/contrib/104172091893712078517""}","{""borough"":""Oldmeldrum"",""street"":""The Rectory, Urquhart Rd"",""city"":""Inverurie"",""postal_code"":""AB51 0EX"",""state"":"""",""country"":""GB""}",null,[],null,
f0931a86-1ad3-4cde-a049-2fb11dc2349c,https://www.google.com/maps/place/Meldrum+Dog+Boarding/data=!4m7!3m6!1s0x48846a2defa7e99b:0x7b3dc2d065cd0504!8m2!3d57.3405531!4d-2.319972!16s%2Fg%2F11dxrgyjrc!19sChIJm-mn7y1qhEgRBAXNZdDCPXs?authuser=0&hl=en&rclk=1,Meldrum Dog Boarding,Dog walker,"20 Howe View, Oldmeldrum, Inverurie AB51 0PR",{},{},,07401 203199,8MRJ+62 Inverurie,0,0.000000,"{""1"":0,""2"":0,""3"":0,""4"":0,""5"":0}",57.340553,-2.319972,8880468240561407236,,,,https://streetviewpixels-pa.googleapis.com/v1/thumbnail?panoid=T4D6tUJiKbcC7xQ9IeBSww&cb_client=search.gws-prod.gps&w=408&h=240&yaw=343.1147&pitch=0&thumbfov=100,Europe/London,,0x48846a2defa7e99b:0x7b3dc2d065cd0504,"[{""title"":""All"",""image"":""https://streetviewpixels-pa.googleapis.com/v1/thumbnail?panoid=T4D6tUJiKbcC7xQ9IeBSww\u0026cb_client=maps_sv.tactile.gps\u0026w=224\u0026h=298\u0026yaw=343.1147\u0026pitch=0\u0026thumbfov=100""},{""title"":""Street View \u0026 360°"",""image"":""https://streetviewpixels-pa.googleapis.com/v1/thumbnail?panoid=T4D6tUJiKbcC7xQ9IeBSww\u0026cb_client=maps_sv.tactile.gps\u0026w=224\u0026h=298\u0026yaw=343.1147\u0026pitch=0\u0026thumbfov=100""}]",null,null,"{""link"":"""",""source"":""""}","{""id"":"""",""name"":""Meldrum Dog Boarding (owner)"",""link"":""""}","{""borough"":""Oldmeldrum"",""street"":""20 Howe View"",""city"":""Inverurie"",""postal_code"":""AB51 0PR"",""state"":"""",""country"":""GB""}",null,[],null,
f0931a86-1ad3-4cde-a049-2fb11dc2349c,https://www.google.com/maps/place/Dogs+%26+Co.+Dog+walker+and+pet+sitter/data=!4m7!3m6!1s0x48840cdbe3957613:0xea3ee2112f50e77e!8m2!3d57.4126148!4d-2.4619447!16s%2Fg%2F1pp2tzqwr!19sChIJE3aV49sMhEgRfudQLxHiPuo?authuser=0&hl=en&rclk=1,Dogs & Co. Dog walker and pet sitter,Dog walker,"3 Homefarm Pl, Rothienorman, Inverurie AB51 8SA","{""Friday"":[""10 am–5 pm""],""Monday"":[""10 am–5 pm""],""Saturday"":[""10 am–5 pm""],""Sunday"":[""10 am–5 pm""],""Thursday"":[""10 am–5 pm""],""Tuesday"":[""10 am–5 pm""],""Wednesday"":[""10 am–5 pm""]}",{},,07964 561566,CG7Q+26 Inverurie,0,0.000000,"{""1"":0,""2"":0,""3"":0,""4"":0,""5"":0}",57.412615,-2.461945,16879177016867350398,Closed ⋅ Opens 10 am Thu,,,https://lh3.googleusercontent.com/p/AF1QipP1mut8s8u-oAzQlKjvBzttvXqOSSxEDlo3LHLo=w408-h306-k-no,Europe/London,,0x48840cdbe3957613:0xea3ee2112f50e77e,"[{""title"":""All"",""image"":""https://lh3.googleusercontent.com/p/AF1QipP1mut8s8u-oAzQlKjvBzttvXqOSSxEDlo3LHLo=w397-h298-k-no""},{""title"":""Dog"",""image"":""https://lh3.googleusercontent.com/p/AF1QipNEeZba_9XuT6yPtcG1qVQknaWiYRAxsA-02Lj6=w399-h298-k-no""},{""title"":""By owner"",""image"":""https://lh3.googleusercontent.com/p/AF1QipMTrddpKgU-pC9JIJqLOfUddG0PSTKxF1TkxiS6=w397-h298-k-no""},{""title"":""Street View \u0026 360°"",""image"":""https://streetviewpixels-pa.googleapis.com/v1/thumbnail?panoid=PDqRXxf2dDPiofMoo4RWKQ\u0026cb_client=maps_sv.tactile.gps\u0026w=224\u0026h=298\u0026yaw=168.93599\u0026pitch=0\u0026thumbfov=100""}]",null,null,"{""link"":"""",""source"":""""}","{""id"":""115383093724607821216"",""name"":""Dogs \u0026 Co. Dog walker and pet sitter (owner)"",""link"":""https://www.google.com/maps/contrib/115383093724607821216""}","{""borough"":""Rothienorman"",""street"":""3 Homefarm Pl"",""city"":""Inverurie"",""postal_code"":""AB51 8SA"",""state"":"""",""country"":""GB""}",null,[],null,
f0931a86-1ad3-4cde-a049-2fb11dc2349c,https://www.google.com/maps/place/AdventurousPaws/data=!4m7!3m6!1s0x43e2b38de2b606b9:0x3f1dc04378ce147d!8m2!3d57.2834124!4d-2.365154!16s%2Fg%2F11ln5m64p1!19sChIJuQa24o2z4kMRfRTOeEPAHT8?authuser=0&hl=en&rclk=1,AdventurousPaws,Pet sitter,,"{""Friday"":[""8:30 am–6 pm""],""Monday"":[""8:30 am–9 pm""],""Saturday"":[""Closed""],""Sunday"":[""Closed""],""Thursday"":[""8:30 am–9 pm""],""Tuesday"":[""8:30 am–9 pm""],""Wednesday"":[""8:30 am–9 pm""]}",{},,07454 764441,,0,0.000000,"{""1"":0,""2"":0,""3"":0,""4"":0,""5"":0}",57.283412,-2.365154,4548002594736182397,Open ⋅ Closes 9 pm,,,,Europe/London,,0x43e2b38de2b606b9:0x3f1dc04378ce147d,[],null,null,"{""link"":"""",""source"":""""}","{""id"":""101787010982364602814"",""name"":""AdventurousPaws (owner)"",""link"":""https://www.google.com/maps/contrib/101787010982364602814""}","{""borough"":"""",""street"":"""",""city"":"""",""postal_code"":"""",""state"":"""",""country"":""""}",null,[],null,
f0931a86-1ad3-4cde-a049-2fb11dc2349c,https://www.google.com/maps/place/K9+Adventure+Club/data=!4m7!3m6!1s0x488445e816dc45b1:0x4c33476e359ca4cc!8m2!3d57.3881335!4d-2.5032164!16s%2Fg%2F11vdfgwd3x!19sChIJsUXcFuhFhEgRzKScNW5HM0w?authuser=0&hl=en&rclk=1,K9 Adventure Club,Dog Day Care Centre,"Knowley Farm, Meikle Wartle, Inverurie AB51 5BR","{""Friday"":[""8 am–5 pm""],""Monday"":[""8 am–5 pm""],""Saturday"":[""Closed""],""Sunday"":[""Closed""],""Thursday"":[""8 am–5 pm""],""Tuesday"":[""8 am–5 pm""],""Wednesday"":[""8 am–5 pm""]}",{},https://k9adventureclub.co.uk/,07958 529294,9FQW+7P Inverurie,1,5.000000,"{""1"":0,""2"":0,""3"":0,""4"":0,""5"":1}",57.388133,-2.503216,5490810909366199500,Closed ⋅ Opens 8 am Thu,,https://search.google.com/local/reviews?placeid=ChIJsUXcFuhFhEgRzKScNW5HM0w&q=K9+Adventure+Club&authuser=0&hl=en&gl=GB,https://streetviewpixels-pa.googleapis.com/v1/thumbnail?panoid=3ho3uDNTC4SWK0vvSubYVA&cb_client=search.gws-prod.gps&w=408&h=240&yaw=126.70729&pitch=0&thumbfov=100,Europe/London,,0x488445e816dc45b1:0x4c33476e359ca4cc,"[{""title"":""All"",""image"":""https://streetviewpixels-pa.googleapis.com/v1/thumbnail?panoid=3ho3uDNTC4SWK0vvSubYVA\u0026cb_client=maps_sv.tactile.gps\u0026w=224\u0026h=298\u0026yaw=126.69792\u0026pitch=0\u0026thumbfov=100""},{""title"":""Street View \u0026 360°"",""image"":""https://streetviewpixels-pa.googleapis.com/v1/thumbnail?panoid=3ho3uDNTC4SWK0vvSubYVA\u0026cb_client=maps_sv.tactile.gps\u0026w=224\u0026h=298\u0026yaw=126.69792\u0026pitch=0\u0026thumbfov=100""}]",null,null,"{""link"":"""",""source"":""""}","{""id"":"""",""name"":""K9 Adventure Club (owner)"",""link"":""""}","{""borough"":""Meikle Wartle"",""street"":""Knowley Farm"",""city"":""Inverurie"",""postal_code"":""AB51 5BR"",""state"":"""",""country"":""GB""}","[{""id"":""accessibility"",""name"":""Accessibility"",""options"":[{""name"":""Wheelchair-accessible car park"",""enabled"":true}]}]",[],null,
f0931a86-1ad3-4cde-a049-2fb11dc2349c,https://www.google.com/maps/place/Dog+Wanderer/data=!4m7!3m6!1s0x488440413a2a3167:0x8fa89cf1c3d13d9a!8m2!3d57.286295!4d-2.404356!16s%2Fg%2F11b7xh_pqn!19sChIJZzEqOkFAhEgRmj3Rw_GcqI8?authuser=0&hl=en&rclk=1,Dog Wanderer,Dog walker,"11 Westburn Dr, Inverurie AB51 5QR",{},{},,,7HPW+G7 Inverurie,2,5.000000,"{""1"":0,""2"":0,""3"":0,""4"":0,""5"":2}",57.286295,-2.404356,10351696305697406362,,,https://search.google.com/local/reviews?placeid=ChIJZzEqOkFAhEgRmj3Rw_GcqI8&q=Dog+Wanderer&authuser=0&hl=en&gl=GB,https://lh3.googleusercontent.com/gps-cs-s/AC9h4npQLNSG1iD-ufX-5i9NoMWxnxFDH8W32kzMTLvPDIFbZ0d6dJtZc_QUOhcwn_Mqwx6TgSKqMLHzA6FmhjOwLA398DpNIjnS4P2aazkzjlKyOUJCptO0qLwMMW1NySUvBorvqe17=w408-h544-k-no,Europe/London,,0x488440413a2a3167:0x8fa89cf1c3d13d9a,"[{""title"":""All"",""image"":""https://lh3.googleusercontent.com/gps-cs-s/AC9h4npQLNSG1iD-ufX-5i9NoMWxnxFDH8W32kzMTLvPDIFbZ0d6dJtZc_QUOhcwn_Mqwx6TgSKqMLHzA6FmhjOwLA398DpNIjnS4P2aazkzjlKyOUJCptO0qLwMMW1NySUvBorvqe17=w224-h298-k-no""},{""title"":""Dog"",""image"":""https://lh3.googleusercontent.com/gps-cs-s/AC9h4npbQSO9S02RFk3UVxtN9IzIGJFX_DArLZbPWzgB5E6Fg771CqSIEHeO9qxK_iKajpiK6tbMaat66F2QvOPmP89KP3OleidR71jvLyk6CloZrV2ch_Ve1jMryQ4iVuBJz_ZNyvfy=w224-h298-k-no""},{""title"":""Street View \u0026 360°"",""image"":""https://streetviewpixels-pa.googleapis.com/v1/thumbnail?panoid=q0QSHqAM6P05ea8_Fg_R9g\u0026cb_client=maps_sv.tactile.gps\u0026w=224\u0026h=298\u0026yaw=113.95013\u0026pitch=0\u0026thumbfov=100""}]",null,null,"{""link"":"""",""source"":""""}","{""id"":""113365872796622686773"",""name"":""Dog Wanderer (owner)"",""link"":""https://www.google.com/maps/contrib/113365872796622686773""}","{""borough"":"""",""street"":""11 Westburn Dr"",""city"":""Inverurie"",""postal_code"":""AB51 5QR"",""state"":"""",""country"":""GB""}",null,[],null,
f0931a86-1ad3-4cde-a049-2fb11dc2349c,https://www.google.com/maps/place/The+Boarding+Kennels/data=!4m7!3m6!1s0x4884134c5944f8ff:0x1f48cfa90605186e!8m2!3d57.2559878!4d-2.226232!16s%2Fg%2F1v_w1ygd!19sChIJ__hEWUwThEgRbhgFBqnPSB8?authuser=0&hl=en&rclk=1,The Boarding Kennels,Kennels,"Kennel Cottage, Lairshill, Newmachar, Aberdeen AB21 0PX","{""Friday"":[""7:30 am–1:30 pm"",""4–7 pm""],""Monday"":[""7:30 am–1:30 pm"",""4–7 pm""],""Saturday"":[""9 am–5 pm""],""Sunday"":[""9 am–5 pm""],""Thursday"":[""7:30 am–1:30 pm"",""4–7 pm""],""Tuesday"":[""7:30 am–1:30 pm"",""4–7 pm""],""Wednesday"":[""7:30 am–1:30 pm"",""4–7 pm""]}",{},,01651 863148,7Q4F+9G Aberdeen,25,4.600000,"{""1"":1,""2"":1,""3"":0,""4"":3,""5"":20}",57.255988,-2.226232,2254279938356353134,Closes soon ⋅ 7 pm ⋅ Opens 7:30 am Thu,,https://search.google.com/local/reviews?placeid=ChIJ__hEWUwThEgRbhgFBqnPSB8&q=The+Boarding+Kennels&authuser=0&hl=en&gl=GB,https://streetviewpixels-pa.googleapis.com/v1/thumbnail?panoid=etnL95NgAtV1nkT0qZ3WEA&cb_client=search.gws-prod.gps&w=408&h=240&yaw=227.28024&pitch=0&thumbfov=100,Europe/London,,0x4884134c5944f8ff:0x1f48cfa90605186e,"[{""title"":""All"",""image"":""https://streetviewpixels-pa.googleapis.com/v1/thumbnail?panoid=etnL95NgAtV1nkT0qZ3WEA\u0026cb_client=maps_sv.tactile.gps\u0026w=224\u0026h=298\u0026yaw=227.28024\u0026pitch=0\u0026thumbfov=100""},{""title"":""Dog"",""image"":""https://lh3.googleusercontent.com/gps-cs-s/AC9h4nqlzI0ntodLeF558DRpY8We8x54v_Y4bIvkGEf1b-ma2QGJXouw3hADLCQ3ATsLAK8ODtOi8UshbJHY6PYpD4t5__PnZupg88KwQlSJkRuieHiSXElKO1Nn0_4DOb1O1fPr46JlaQ=w224-h298-k-no""},{""title"":""Street View \u0026 360°"",""image"":""https://streetviewpixels-pa.googleapis.com/v1/thumbnail?panoid=etnL95NgAtV1nkT0qZ3WEA\u0026cb_client=maps_sv.tactile.gps\u0026w=224\u0026h=298\u0026yaw=227.28024\u0026pitch=0\u0026thumbfov=100""}]",null,null,"{""link"":"""",""source"":""""}","{""id"":"""",""name"":""The Boarding Kennels (owner)"",""link"":""""}","{""borough"":""Newmachar"",""street"":""Kennel Cottage, Lairshill"",""city"":""Aberdeen"",""postal_code"":""AB21 0PX"",""state"":"""",""country"":""GB""}","[{""id"":""accessibility"",""name"":""Accessibility"",""options"":[{""name"":""Wheelchair-accessible car park"",""enabled"":true}]}]",[],null,
f0931a86-1ad3-4cde-a049-2fb11dc2349c,https://www.google.com/maps/place/Alison+Knight+Canine+Training/data=!4m7!3m6!1s0x4884430b84d85235:0x2418c23ae319cc14!8m2!3d57.367437!4d-2.4774927!16s%2Fg%2F11fl9p8rzj!19sChIJNVLYhAtDhEgRFMwZ4zrCGCQ?authuser=0&hl=en&rclk=1,Alison Knight Canine Training,Dog trainer,"Wood Cottage, Inverurie AB51 5BH","{""Friday"":[""9 am–5 pm""],""Monday"":[""9 am–5 pm""],""Saturday"":[""Closed""],""Sunday"":[""Closed""],""Thursday"":[""9 am–5 pm""],""Tuesday"":[""9 am–5 pm""],""Wednesday"":[""9 am–5 pm""]}",{},https://www.ak-ct.com/,07775 665661,9G8F+X2 Inverurie,3,5.000000,"{""1"":0,""2"":0,""3"":0,""4"":0,""5"":3}",57.367437,-2.477493,2601042342980471828,Closed ⋅ Opens 9 am Thu,,https://search.google.com/local/reviews?placeid=ChIJNVLYhAtDhEgRFMwZ4zrCGCQ&q=Alison+Knight+Canine+Training&authuser=0&hl=en&gl=GB,https://streetviewpixels-pa.googleapis.com/v1/thumbnail?panoid=u5hZcxZMnspNUdZsE411UA&cb_client=search.gws-prod.gps&w=408&h=240&yaw=354.6284&pitch=0&thumbfov=100,Europe/London,,0x4884430b84d85235:0x2418c23ae319cc14,"[{""title"":""All"",""image"":""https://streetviewpixels-pa.googleapis.com/v1/thumbnail?panoid=u5hZcxZMnspNUdZsE411UA\u0026cb_client=maps_sv.tactile.gps\u0026w=224\u0026h=298\u0026yaw=354.6284\u0026pitch=0\u0026thumbfov=100""},{""title"":""Street View \u0026 360°"",""image"":""https://streetviewpixels-pa.googleapis.com/v1/thumbnail?panoid=u5hZcxZMnspNUdZsE411UA\u0026cb_client=maps_sv.tactile.gps\u0026w=224\u0026h=298\u0026yaw=354.6284\u0026pitch=0\u0026thumbfov=100""}]",null,null,"{""link"":"""",""source"":""""}","{""id"":""100346897221044475222"",""name"":""Alison Knight Canine Training (owner)"",""link"":""https://www.google.com/maps/contrib/100346897221044475222""}","{""borough"":"""",""street"":""Wood Cottage"",""city"":""Inverurie"",""postal_code"":""AB51 5BH"",""state"":"""",""country"":""GB""}","[{""id"":""accessibility"",""name"":""Accessibility"",""options"":[{""name"":""Wheelchair-accessible car park"",""enabled"":true}]}]",[],null,
f0931a86-1ad3-4cde-a049-2fb11dc2349c,https://www.google.com/maps/place/Pawtastic+Walks/data=!4m7!3m6!1s0x521c3217dc2e32d:0x86829247df138dc3!8m2!3d57.2947451!4d-2.4063961!16s%2Fg%2F11pyp7g2_z!19sChIJLePCfSHDIQURw40T30eSgoY?authuser=0&hl=en&rclk=1,Pawtastic Walks,Dog walker,"Balhalgardy Court, Inverurie AB51 5BF","{""Friday"":[""8 am–8 pm""],""Monday"":[""8 am–8 pm""],""Saturday"":[""8 am–8 pm""],""Sunday"":[""8 am–8 pm""],""Thursday"":[""8 am–8 pm""],""Tuesday"":[""8 am–8 pm""],""Wednesday"":[""8 am–8 pm""]}","{""Friday"":{""10"":58,""11"":58,""12"":50,""13"":33,""14"":41,""15"":41,""16"":50,""17"":25,""18"":33,""19"":25,""20"":0,""21"":0,""22"":0,""23"":0,""6"":0,""7"":0,""8"":58,""9"":41},""Monday"":{""10"":83,""11"":66,""12"":41,""13"":16,""14"":16,""15"":50,""16"":50,""17"":66,""18"":66,""19"":100,""20"":0,""21"":0,""22"":0,""23"":0,""6"":0,""7"":0,""8"":50,""9"":58},""Saturday"":{""10"":66,""11"":66,""12"":25,""13"":25,""14"":50,""15"":75,""16"":75,""17"":66,""18"":50,""19"":33,""20"":0,""21"":0,""22"":0,""23"":0,""6"":0,""7"":0,""8"":91,""9"":83},""Sunday"":{""10"":41,""11"":66,""12"":50,""13"":83,""14"":58,""15"":58,""16"":58,""17"":66,""18"":100,""19"":75,""20"":0,""21"":0,""22"":0,""23"":0,""6"":0,""7"":0,""8"":58,""9"":50},""Thursday"":{""10"":66,""11"":58,""12"":58,""13"":25,""14"":16,""15"":33,""16"":41,""17"":33,""18"":66,""19"":83,""20"":0,""21"":0,""22"":0,""23"":0,""6"":0,""7"":0,""8"":75,""9"":66},""Tuesday"":{""10"":25,""11"":58,""12"":58,""13"":58,""14"":66,""15"":66,""16"":75,""17"":83,""18"":75,""19"":50,""20"":0,""21"":0,""22"":0,""23"":0,""6"":0,""7"":0,""8"":25,""9"":25},""Wednesday"":{""10"":100,""11"":66,""12"":58,""13"":16,""14"":16,""15"":25,""16"":33,""17"":58,""18"":58,""19"":58,""20"":0,""21"":0,""22"":0,""23"":0,""6"":0,""7"":0,""8"":58,""9"":50}}",,07891 112570,7HVV+VC Inverurie,0,0.000000,"{""1"":0,""2"":0,""3"":0,""4"":0,""5"":0}",57.294745,-2.406396,9692470185437662659,Open ⋅ Closes 8 pm,,,https://lh3.googleusercontent.com/p/AF1QipP2WHAJg71V-8xJNAW-GXSvQA0O0cF4Bq4K65O0=w408-h544-k-no,Europe/London,,0x521c3217dc2e32d:0x86829247df138dc3,"[{""title"":""All"",""image"":""https://lh3.googleusercontent.com/p/AF1QipP2WHAJg71V-8xJNAW-GXSvQA0O0cF4Bq4K65O0=w224-h298-k-no""},{""title"":""Dog"",""image"":""https://lh3.googleusercontent.com/p/AF1QipOUpp-mcLm4v6GhQggqTR75UG_G6fwwMXSJSk9q=w224-h298-k-no""},{""title"":""By owner"",""image"":""https://lh3.googleusercontent.com/p/AF1QipPAijToT-vn3EsSq7CGDBv4HoKTEwXIf162XGFY=w224-h298-k-no""}]",null,null,"{""link"":"""",""source"":""""}","{""id"":""109313672864516872983"",""name"":""Pawtastic Walks (owner)"",""link"":""https://www.google.com/maps/contrib/109313672864516872983""}","{""borough"":"""",""street"":""Balhalgardy Court"",""city"":""Inverurie"",""postal_code"":""AB51 5BF"",""state"":"""",""country"":""GB""}",null,[],null,
f0931a86-1ad3-4cde-a049-2fb11dc2349c,https://www.google.com/maps/place/Meelies+mutts/data=!4m7!3m6!1s0x4884434ce4a6054d:0x3520d546567b6e50!8m2!3d57.4089305!4d-2.3978791!16s%2Fg%2F11f18pm9j_!19sChIJTQWm5ExDhEgRUG57VkbVIDU?authuser=0&hl=en&rclk=1,Meelies mutts,Dog walker,"Little Clovery, Fyvie, Turriff AB53 8RA","{""Friday"":[""Open 24 hours""],""Monday"":[""Open 24 hours""],""Saturday"":[""Open 24 hours""],""Sunday"":[""Open 24 hours""],""Thursday"":[""Open 24 hours""],""Tuesday"":[""Open 24 hours""],""Wednesday"":[""Open 24 hours""]}","{""Friday"":{""0"":73,""1"":46,""10"":60,""11"":60,""12"":46,""13"":33,""14"":46,""15"":60,""16"":46,""17"":40,""18"":26,""19"":33,""2"":53,""20"":33,""21"":60,""22"":86,""23"":86,""3"":80,""4"":73,""5"":66,""6"":46,""7"":53,""8"":46,""9"":46},""Monday"":{""0"":26,""1"":33,""10"":60,""11"":33,""12"":40,""13"":26,""14"":20,""15"":13,""16"":33,""17"":33,""18"":40,""19"":60,""2"":33,""20"":66,""21"":46,""22"":33,""23"":33,""3"":46,""4"":40,""5"":26,""6"":13,""7"":20,""8"":60,""9"":73},""Saturday"":{""0"":26,""1"":40,""10"":46,""11"":53,""12"":53,""13"":40,""14"":53,""15"":33,""16"":20,""17"":20,""18"":40,""19"":53,""2"":46,""20"":73,""21"":60,""22"":33,""23"":33,""3"":53,""4"":33,""5"":26,""6"":53,""7"":33,""8"":20,""9"":33},""Sunday"":{""0"":93,""1"":40,""10"":46,""11"":40,""12"":13,""13"":20,""14"":33,""15"":33,""16"":26,""17"":33,""18"":33,""19"":40,""2"":20,""20"":33,""21"":53,""22"":73,""23"":100,""3"":33,""4"":46,""5"":53,""6"":26,""7"":33,""8"":46,""9"":66},""Thursday"":{""0"":46,""1"":33,""10"":46,""11"":53,""12"":46,""13"":40,""14"":53,""15"":20,""16"":6,""17"":6,""18"":26,""19"":40,""2"":26,""20"":26,""21"":20,""22"":33,""23"":40,""3"":40,""4"":60,""5"":66,""6"":60,""7"":60,""8"":53,""9"":53},""Tuesday"":{""0"":20,""1"":26,""10"":40,""11"":33,""12"":33,""13"":46,""14"":73,""15"":66,""16"":60,""17"":26,""18"":13,""19"":20,""2"":33,""20"":13,""21"":13,""22"":13,""23"":13,""3"":33,""4"":53,""5"":40,""6"":33,""7"":26,""8"":26,""9"":46},""Wednesday"":{""0"":26,""1"":33,""10"":53,""11"":60,""12"":53,""13"":60,""14"":33,""15"":20,""16"":26,""17"":20,""18"":40,""19"":40,""2"":33,""20"":33,""21"":33,""22"":26,""23"":33,""3"":33,""4"":33,""5"":33,""6"":46,""7"":66,""8"":60,""9"":60}}",http://www.facebook.com/meeliesmutts,07780 823309,CJ52+HR Turriff,0,0.000000,"{""1"":0,""2"":0,""3"":0,""4"":0,""5"":0}",57.408930,-2.397879,3828294181340278352,Open 24 hours,,,https://lh3.googleusercontent.com/p/AF1QipNkF-j1wcc-T4g_Jkndeh6sRIbL9VU4VQXlM-s=w408-h408-k-no,Europe/London,,0x4884434ce4a6054d:0x3520d546567b6e50,"[{""title"":""All"",""image"":""https://lh3.googleusercontent.com/p/AF1QipNkF-j1wcc-T4g_Jkndeh6sRIbL9VU4VQXlM-s=w298-h298-k-no""},{""title"":""By owner"",""image"":""https://lh3.googleusercontent.com/p/AF1QipNDC09e0nN0npwaneqB45cSppzAFGZ8FLZ3WRo=w281-h298-k-no""}]",null,null,"{""link"":"""",""source"":""""}","{""id"":""105459383283709154194"",""name"":""Meelies mutts (owner)"",""link"":""https://www.google.com/maps/contrib/105459383283709154194""}","{""borough"":""Fyvie"",""street"":""Little Clovery"",""city"":""Turriff"",""postal_code"":""AB53 8RA"",""state"":"""",""country"":""GB""}",null,[],null,
f0931a86-1ad3-4cde-a049-2fb11dc2349c,https://www.google.com/maps/place/Mither+Tap/data=!4m7!3m6!1s0x4884479735f17ea3:0x492a7eadc44dee0!8m2!3d57.2909737!4d-2.5287327!16s%2Fg%2F11hdj8b0g1!19sChIJo37xNZdHhEgR4N5E3OqnkgQ?authuser=0&hl=en&rclk=1,Mither Tap,Scenic point,Inverurie AB51 5HX,{},{},,,7FRC+9G Inverurie,250,4.900000,"{""1"":0,""2"":0,""3"":1,""4"":28,""5"":221}",57.290974,-2.528733,329510349911154400,,,https://search.google.com/local/reviews?placeid=ChIJo37xNZdHhEgR4N5E3OqnkgQ&q=Mither+Tap&authuser=0&hl=en&gl=GB,https://lh3.googleusercontent.com/gps-cs-s/AC9h4nqqERr6DDX79lLeI4KgOmGgJRDZR9gDEY6_zSr4yS6fKzxQe2b_mIU3uifFeQl-1d7TNJUiNOycXzAZN0DX6zclrLCHjrMri19lIMtZes1h98vasIncWIwNEJYUDN5juW56Q_hwoQ=w408-h306-k-no,Europe/London,,0x4884479735f17ea3:0x492a7eadc44dee0,"[{""title"":""All"",""image"":""https://lh3.googleusercontent.com/gps-cs-s/AC9h4nqqERr6DDX79lLeI4KgOmGgJRDZR9gDEY6_zSr4yS6fKzxQe2b_mIU3uifFeQl-1d7TNJUiNOycXzAZN0DX6zclrLCHjrMri19lIMtZes1h98vasIncWIwNEJYUDN5juW56Q_hwoQ=w397-h298-k-no""},{""title"":""Latest"",""image"":""https://lh3.googleusercontent.com/gps-cs-s/AC9h4npHfPj8ZRWd60IPIe9B7Dpy6RWv668vQCQr4oz5YKHo-lviYseIjT-9MrOJJF3nNTm_irKTrNvyLOZz_iVv7b2fXjS6lqrRymkgdSNVcohCDbCp52417qn0q21OuGhvGR0GIzm5muxt5fA=w224-h298-k-no""},{""title"":""Videos"",""image"":""https://lh3.googleusercontent.com/gps-cs-s/AC9h4nogWgRsWOvMVoof_6ePQJhfOoQcQw59_aa8Qt4koD84_0GmlirtfawrtXmXPNeHeEN4DoOwUIk1yl8HCk52qUeltcrAd6X5xUdobqMsIH-Q7Qk3Wnx9FkuoACce2F8Pg0o97NN_=w529-h298-k-no""},{""title"":""Forest"",""image"":""https://lh3.googleusercontent.com/gps-cs-s/AC9h4nrfWzvBhI0L5gFWQt_RzhH3Sk3KgawfB1px2I03rnonSE2mn8K3klzR_hXWsyXmKRUJJZ72YbwsQ6Cha3uuH0StPoIMjquVgWd5sWbiorYJDH7pVvQROWLVbuldq2syaj2AF9zunA=w397-h298-k-no""},{""title"":""Street View \u0026 360°"",""image"":""https://lh3.googleusercontent.com/gps-cs-s/AC9h4no1JJ-O_bJs7FKj00i9BMMAZV_uPPHgBH9kos_ti_py8zMb4KnX3PAOx9k9rNsg7MkOfo8z66E_vhnQ8Li2nP2He8C-MI8e1cGjNotplxlRnIPmELZFmIUbsn1tXcfIt4bmHObr=w224-h298-k-no-pi-0-ya321-ro-0-fo100""}]",null,null,"{""link"":"""",""source"":""""}","{""id"":"""",""name"":""Mither Tap (owner)"",""link"":""""}","{""borough"":"""",""street"":"""",""city"":""Inverurie"",""postal_code"":"""",""state"":"""",""country"":""GB""}","[{""id"":""accessibility"",""name"":""Accessibility"",""options"":[{""name"":""Wheelchair-accessible entrance"",""enabled"":false}]}]",[],null,
f0931a86-1ad3-4cde-a049-2fb11dc2349c,https://www.google.com/maps/place/Fairways+Pet+Haven/data=!4m7!3m6!1s0x488412dbb3feee2d:0x35b54d051a556d38!8m2!3d57.2486219!4d-2.1750134!16s%2Fg%2F1hc2mpclt!19sChIJLe7-s9sShEgROG1VGgVNtTU?authuser=0&hl=en&rclk=1,Fairways Pet Haven,Pet boarding service,"Fairways, Newmachar, Aberdeen AB21 7PU",{},{},http://www.fairwayspethaven.co.uk/,07860 122348,6RXF+CX Aberdeen,33,4.800000,"{""1"":1,""2"":0,""3"":0,""4"":2,""5"":30}",57.248622,-2.175013,3870084139106790712,,,https://search.google.com/local/reviews?placeid=ChIJLe7-s9sShEgROG1VGgVNtTU&q=Fairways+Pet+Haven&authuser=0&hl=en&gl=GB,https://lh3.googleusercontent.com/gps-cs-s/AC9h4npoS3_UnIgnOSZbiOn527hrRbNj9tKEsi8fZSpoi0ilIaCatmh4PvRTrnrh2WF-l4GBg6CcFO43wybhwfd1N7VDpZBDyehYT68JgIgCjxTCNIRXcWhTryFlHandm-6VgZUrW5PT=w408-h544-k-no,Europe/London,,0x488412dbb3feee2d:0x35b54d051a556d38,"[{""title"":""All"",""image"":""https://lh3.googleusercontent.com/gps-cs-s/AC9h4npoS3_UnIgnOSZbiOn527hrRbNj9tKEsi8fZSpoi0ilIaCatmh4PvRTrnrh2WF-l4GBg6CcFO43wybhwfd1N7VDpZBDyehYT68JgIgCjxTCNIRXcWhTryFlHandm-6VgZUrW5PT=w224-h298-k-no""},{""title"":""Dog"",""image"":""https://lh3.googleusercontent.com/gps-cs-s/AC9h4npoS3_UnIgnOSZbiOn527hrRbNj9tKEsi8fZSpoi0ilIaCatmh4PvRTrnrh2WF-l4GBg6CcFO43wybhwfd1N7VDpZBDyehYT68JgIgCjxTCNIRXcWhTryFlHandm-6VgZUrW5PT=w224-h298-k-no""}]",null,null,"{""link"":"""",""source"":""""}","{""id"":""104102437348772353143"",""name"":""Fairways Pet Haven (owner)"",""link"":""https://www.google.com/maps/contrib/104102437348772353143""}","{""borough"":""Newmachar"",""street"":""Fairways"",""city"":""Aberdeen"",""postal_code"":""AB21 7PU"",""state"":"""",""country"":""GB""}","[{""id"":""accessibility"",""name"":""Accessibility"",""options"":[{""name"":""Wheelchair-accessible car park"",""enabled"":true}]}]",[],null,
f0931a86-1ad3-4cde-a049-2fb11dc2349c,https://www.google.com/maps/place/Run+Free+Dog+Fields+-+Bridge+of+Don/data=!4m7!3m6!1s0x48840de921c30bed:0xd87c6c339141e622!8m2!3d57.2135827!4d-2.0745967!16s%2Fg%2F11pg0cn_2k!19sChIJ7QvDIekNhEgRIuZBkTNsfNg?authuser=0&hl=en&rclk=1,Run Free Dog Fields - Bridge of Don,Dog park,"Hareburn Rd, Bridge of Don, Aberdeen AB23 8AR","{""Friday"":[""7 am–9:30 pm""],""Monday"":[""7 am–9:30 pm""],""Saturday"":[""7 am–9:30 pm""],""Sunday"":[""7 am–9:30 pm""],""Thursday"":[""7 am–9:30 pm""],""Tuesday"":[""7 am–9:30 pm""],""Wednesday"":[""7 am–9:30 pm""]}","{""Friday"":{""10"":86,""11"":73,""12"":73,""13"":66,""14"":80,""15"":80,""16"":66,""17"":46,""18"":66,""19"":46,""20"":46,""21"":26,""22"":0,""23"":0,""6"":0,""7"":33,""8"":53,""9"":73},""Monday"":{""10"":60,""11"":46,""12"":40,""13"":46,""14"":66,""15"":73,""16"":66,""17"":60,""18"":33,""19"":20,""20"":26,""21"":33,""22"":0,""23"":0,""6"":0,""7"":60,""8"":60,""9"":66},""Saturday"":{""10"":40,""11"":40,""12"":26,""13"":33,""14"":33,""15"":46,""16"":60,""17"":73,""18"":80,""19"":73,""20"":100,""21"":80,""22"":0,""23"":0,""6"":0,""7"":66,""8"":53,""9"":53},""Sunday"":{""10"":80,""11"":66,""12"":80,""13"":60,""14"":66,""15"":46,""16"":66,""17"":40,""18"":20,""19"":0,""20"":20,""21"":46,""22"":0,""23"":0,""6"":0,""7"":53,""8"":66,""9"":66},""Thursday"":{""10"":60,""11"":46,""12"":26,""13"":33,""14"":40,""15"":33,""16"":20,""17"":40,""18"":60,""19"":40,""20"":40,""21"":26,""22"":0,""23"":0,""6"":0,""7"":26,""8"":40,""9"":53},""Tuesday"":{""10"":20,""11"":13,""12"":26,""13"":53,""14"":53,""15"":40,""16"":46,""17"":53,""18"":80,""19"":93,""20"":100,""21"":80,""22"":0,""23"":0,""6"":0,""7"":33,""8"":26,""9"":13},""Wednesday"":{""10"":40,""11"":46,""12"":60,""13"":60,""14"":40,""15"":33,""16"":33,""17"":20,""18"":13,""19"":0,""20"":13,""21"":33,""22"":0,""23"":0,""6"":0,""7"":60,""8"":53,""9"":46}}",http://runfreedogfields.co.uk/,07717 162879,6W7G+C5 Aberdeen,44,4.700000,"{""1"":1,""2"":0,""3"":2,""4"":6,""5"":35}",57.213583,-2.074597,15599462178040702498,Open ⋅ Closes 9:30 pm,,https://search.google.com/local/reviews?placeid=ChIJ7QvDIekNhEgRIuZBkTNsfNg&q=Run+Free+Dog+Fields+-+Bridge+of+Don&authuser=0&hl=en&gl=GB,https://lh3.googleusercontent.com/gps-cs-s/AC9h4noIffj8YoMrclemDbLXYoMx33IpZZ87a-gMXO5DCrXMtgvcfnECDOE_xUkyvXTbr5HQu1l9GRJ57wm6-6lVxZ-XDl6bx9RxCjfOTFbBfJT7r5KQBNUnJCATBzwhx8e2YQZ0xGjQMw=w408-h306-k-no,Europe/London,,0x48840de921c30bed:0xd87c6c339141e622,"[{""title"":""All"",""image"":""https://lh3.googleusercontent.com/gps-cs-s/AC9h4noIffj8YoMrclemDbLXYoMx33IpZZ87a-gMXO5DCrXMtgvcfnECDOE_xUkyvXTbr5HQu1l9GRJ57wm6-6lVxZ-XDl6bx9RxCjfOTFbBfJT7r5KQBNUnJCATBzwhx8e2YQZ0xGjQMw=w397-h298-k-no""},{""title"":""Field"",""image"":""https://lh3.googleusercontent.com/gps-cs-s/AC9h4nqvArFmTIL8ol6-aTHBoFI-rHVj9JXRewl6KmiP07pXU91B8doLmzyv1Q8IYjIJ59-LaRuuMQLVnhBqmvzaM7c8zBkwwYhlZBCeMPEh6aiyPuoJT7hOlL2LP_zAfIlb2IjbByBf-Q=w662-h298-k-no""},{""title"":""Videos"",""image"":""https://lh3.googleusercontent.com/gps-cs-s/AC9h4nqQIBBwSUREiA_6igdFWC7B2xjU4x8zD59WqSR37orufC-3SrzKAOWbo8_q15rUTpvMF5p97pbex3eq-Z39qjH48px8bTQzrsiXYe03wyH02af_PZ4uhM241AvUGHyvCeEnfLQ=w224-h398-k-no""},{""title"":""Bench"",""image"":""https://lh3.googleusercontent.com/gps-cs-s/AC9h4nroMmh5GnaqLf21vItaBLvxGUbKJRswICREJlfIf-BvxfOt-wTTsTI2qvj3RuuzjfSTw5GFhrMOk5dDpVd6fMpDe11B1NwMIcAVoJ8ocmxnO5Cv6lf0I5--8ArzO_pNbYZRY0ZQ=w662-h298-k-no""}]",null,null,"{""link"":"""",""source"":""""}","{""id"":""110865257692186521622"",""name"":""Run Free Dog Fields - Bridge of Don (owner)"",""link"":""https://www.google.com/maps/contrib/110865257692186521622""}","{""borough"":""Bridge of Don"",""street"":""Hareburn Rd"",""city"":""Aberdeen"",""postal_code"":""AB23 8AR"",""state"":"""",""country"":""GB""}","[{""id"":""accessibility"",""name"":""Accessibility"",""options"":[{""name"":""Wheelchair-accessible car park"",""enabled"":true},{""name"":""Wheelchair-accessible entrance"",""enabled"":true}]},{""id"":""amenities"",""name"":""Amenities"",""options"":[{""name"":""Picnic tables"",""enabled"":true}]},{""id"":""pets"",""name"":""Pets"",""options"":[{""name"":""Dogs allowed"",""enabled"":true}]}]",[],null,
f0931a86-1ad3-4cde-a049-2fb11dc2349c,https://www.google.com/maps/place/Inverurie+Hound+House/data=!4m7!3m6!1s0x48844030b363db03:0xffff58791cf4e557!8m2!3d57.2943176!4d-2.3929424!16s%2Fg%2F1q6j4tptq!19sChIJA9tjszBAhEgRV-X0HHlY__8?authuser=0&hl=en&rclk=1,Inverurie Hound House,Pet sitter,"18 Rae Cir, Inverurie AB51 4WY",{},{},http://www.inveruriehoundhouse.co.uk/,07515 102269,7JV4+PR Inverurie,3,5.000000,"{""1"":0,""2"":0,""3"":0,""4"":0,""5"":3}",57.294318,-2.392942,18446559875932939607,,,https://search.google.com/local/reviews?placeid=ChIJA9tjszBAhEgRV-X0HHlY__8&q=Inverurie+Hound+House&authuser=0&hl=en&gl=GB,https://streetviewpixels-pa.googleapis.com/v1/thumbnail?panoid=Syb1BlcfGhntEUv8Xl1uqw&cb_client=search.gws-prod.gps&w=408&h=240&yaw=349.8997&pitch=0&thumbfov=100,Europe/London,,0x48844030b363db03:0xffff58791cf4e557,"[{""title"":""All"",""image"":""https://streetviewpixels-pa.googleapis.com/v1/thumbnail?panoid=Syb1BlcfGhntEUv8Xl1uqw\u0026cb_client=maps_sv.tactile.gps\u0026w=224\u0026h=298\u0026yaw=349.8997\u0026pitch=0\u0026thumbfov=100""},{""title"":""Street View \u0026 360°"",""image"":""https://streetviewpixels-pa.googleapis.com/v1/thumbnail?panoid=Syb1BlcfGhntEUv8Xl1uqw\u0026cb_client=maps_sv.tactile.gps\u0026w=224\u0026h=298\u0026yaw=349.8997\u0026pitch=0\u0026thumbfov=100""}]",null,null,"{""link"":"""",""source"":""""}","{""id"":"""",""name"":""Inverurie Hound House (owner)"",""link"":""""}","{""borough"":"""",""street"":""18 Rae Cir"",""city"":""Inverurie"",""postal_code"":""AB51 4WY"",""state"":"""",""country"":""GB""}","[{""id"":""accessibility"",""name"":""Accessibility"",""options"":[{""name"":""Wheelchair-accessible car park"",""enabled"":true}]}]",[],null,
f0931a86-1ad3-4cde-a049-2fb11dc2349c,https://www.google.com/maps/place/The+Dawg+Nanny/data=!4m7!3m6!1s0x48844141f2bb7d71:0xb46ee8de740be085!8m2!3d57.3098752!4d-2.365154!16s%2Fg%2F11h7127993!19sChIJcX278kFBhEgRheALdN7obrQ?authuser=0&hl=en&rclk=1,The Dawg Nanny,Dog walker,,{},{},http://www.thedawgnanny.co.uk/,07734 806702,,3,5.000000,"{""1"":0,""2"":0,""3"":0,""4"":0,""5"":3}",57.309875,-2.365154,13001585216392519813,,,https://search.google.com/local/reviews?placeid=ChIJcX278kFBhEgRheALdN7obrQ&q=The+Dawg+Nanny&authuser=0&hl=en&gl=GB,https://lh3.googleusercontent.com/p/AF1QipNAPRlpSvSxv5KgiegcWdVFtvJv4FcHfPjVbtP8=w630-h240-k-no,Europe/London,,0x48844141f2bb7d71:0xb46ee8de740be085,"[{""title"":""All"",""image"":""https://lh3.googleusercontent.com/p/AF1QipNAPRlpSvSxv5KgiegcWdVFtvJv4FcHfPjVbtP8=w783-h298-k-no""},{""title"":""Dog"",""image"":""https://lh3.googleusercontent.com/gps-cs-s/AC9h4npJA7Vsuk_QYeP_fyVjvuZwd1aWtvA-cQ0EETv6ZrM4gjkVvVOmkIOEkXvr3T92JIchvy2-MXs8wPSJ_7YsMBWU0fLNmGyPiNW_sVdteFJeIiENHkB_0szAgxDa29nMWAMCssA=w298-h298-k-no""},{""title"":""By owner"",""image"":""https://lh3.googleusercontent.com/p/AF1QipNAPRlpSvSxv5KgiegcWdVFtvJv4FcHfPjVbtP8=w783-h298-k-no""}]",null,null,"{""link"":"""",""source"":""""}","{""id"":""110561567528122694542"",""name"":""The Dawg Nanny (owner)"",""link"":""https://www.google.com/maps/contrib/110561567528122694542""}","{""borough"":"""",""street"":"""",""city"":"""",""postal_code"":"""",""state"":"""",""country"":""""}",null,[],null,
f0931a86-1ad3-4cde-a049-2fb11dc2349c,https://www.google.com/maps/place/Waggy+Walkers+Kemnay/data=!4m7!3m6!1s0x48843f707ae8efdf:0xf15858e263f93e0b!8m2!3d57.2463427!4d-2.4376873!16s%2Fg%2F1pp2x8185!19sChIJ3-_oenA_hEgRCz75Y-JYWPE?authuser=0&hl=en&rclk=1,Waggy Walkers Kemnay,Dog walker,"Kemnay, Inverurie AB51 5PB","{""Friday"":[""12 am–5 pm"",""9 pm–12 am""],""Monday"":[""9 pm–12 am""],""Saturday"":[""12 am–5 pm""],""Sunday"":[""Closed""],""Thursday"":[""12 am–5 pm"",""9 pm–12 am""],""Tuesday"":[""12 am–5 pm"",""9 pm–12 am""],""Wednesday"":[""12 am–5 pm"",""9 pm–12 am""]}","{""Friday"":{""0"":16,""1"":25,""10"":41,""11"":25,""12"":16,""13"":16,""14"":41,""15"":41,""16"":41,""17"":0,""18"":0,""19"":0,""2"":33,""20"":0,""21"":41,""22"":50,""23"":66,""3"":25,""4"":25,""5"":16,""6"":33,""7"":33,""8"":75,""9"":50},""Monday"":{""10"":0,""11"":0,""12"":0,""13"":0,""14"":0,""15"":0,""16"":0,""17"":0,""18"":0,""19"":0,""20"":0,""21"":50,""22"":50,""23"":25,""6"":0,""7"":0,""8"":0,""9"":0},""Saturday"":{""0"":75,""1"":75,""10"":25,""11"":25,""12"":33,""13"":66,""14"":66,""15"":75,""16"":75,""17"":0,""2"":66,""3"":41,""4"":66,""5"":66,""6"":58,""7"":50,""8"":41,""9"":16},""Sunday"":{},""Thursday"":{""0"":25,""1"":25,""10"":66,""11"":75,""12"":100,""13"":100,""14"":83,""15"":41,""16"":41,""17"":0,""18"":0,""19"":0,""2"":33,""20"":0,""21"":25,""22"":33,""23"":25,""3"":41,""4"":25,""5"":16,""6"":33,""7"":50,""8"":83,""9"":58},""Tuesday"":{""0"":25,""1"":16,""10"":75,""11"":66,""12"":91,""13"":58,""14"":25,""15"":16,""16"":25,""17"":0,""18"":0,""19"":0,""2"":25,""20"":0,""21"":66,""22"":58,""23"":66,""3"":33,""4"":83,""5"":83,""6"":41,""7"":33,""8"":41,""9"":41},""Wednesday"":{""0"":58,""1"":83,""10"":16,""11"":25,""12"":25,""13"":41,""14"":50,""15"":41,""16"":41,""17"":0,""18"":0,""19"":0,""2"":75,""20"":0,""21"":33,""22"":33,""23"":33,""3"":83,""4"":25,""5"":41,""6"":25,""7"":8,""8"":16,""9"":16}}",,07500 047294,6HW6+GW Inverurie,1,5.000000,"{""1"":0,""2"":0,""3"":0,""4"":0,""5"":1}",57.246343,-2.437687,17390747690454302219,Closed ⋅ Opens 9 pm,,https://search.google.com/local/reviews?placeid=ChIJ3-_oenA_hEgRCz75Y-JYWPE&q=Waggy+Walkers+Kemnay&authuser=0&hl=en&gl=GB,https://streetviewpixels-pa.googleapis.com/v1/thumbnail?panoid=q68ECtes02-h6agHC3s4DQ&cb_client=search.gws-prod.gps&w=408&h=240&yaw=187.7521&pitch=0&thumbfov=100,Europe/London,,0x48843f707ae8efdf:0xf15858e263f93e0b,"[{""title"":""All"",""image"":""https://streetviewpixels-pa.googleapis.com/v1/thumbnail?panoid=q68ECtes02-h6agHC3s4DQ\u0026cb_client=maps_sv.tactile.gps\u0026w=224\u0026h=298\u0026yaw=187.7521\u0026pitch=0\u0026thumbfov=100""},{""title"":""Street View \u0026 360°"",""image"":""https://streetviewpixels-pa.googleapis.com/v1/thumbnail?panoid=q68ECtes02-h6agHC3s4DQ\u0026cb_client=maps_sv.tactile.gps\u0026w=224\u0026h=298\u0026yaw=187.7521\u0026pitch=0\u0026thumbfov=100""}]",null,null,"{""link"":"""",""source"":""""}","{""id"":"""",""name"":""Waggy Walkers Kemnay (owner)"",""link"":""""}","{""borough"":""Kemnay"",""street"":"""",""city"":""Inverurie"",""postal_code"":""AB51 5PB"",""state"":"""",""country"":""GB""}",null,[],null,
f0931a86-1ad3-4cde-a049-2fb11dc2349c,https://www.google.com/maps/place/Scentral+Bark/data=!4m7!3m6!1s0x48846dabe24ea03d:0x46e48d7cc4e6de13!8m2!3d57.3036263!4d-2.1466!16s%2Fg%2F11s49q3hj6!19sChIJPaBO4qtthEgRE97mxHyN5EY?authuser=0&hl=en&rclk=1,Scentral Bark,Dog park,"Udny Station, Ellon AB41 6QN","{""Friday"":[""7 am–8 pm""],""Monday"":[""7 am–8 pm""],""Saturday"":[""7 am–8 pm""],""Sunday"":[""7 am–8 pm""],""Thursday"":[""7 am–8 pm""],""Tuesday"":[""7 am–8 pm""],""Wednesday"":[""7 am–8 pm""]}","{""Friday"":{""10"":80,""11"":73,""12"":66,""13"":40,""14"":33,""15"":26,""16"":26,""17"":46,""18"":46,""19"":26,""20"":0,""21"":0,""22"":0,""23"":0,""6"":0,""7"":20,""8"":53,""9"":80},""Monday"":{""10"":46,""11"":26,""12"":13,""13"":20,""14"":6,""15"":20,""16"":46,""17"":60,""18"":33,""19"":13,""20"":0,""21"":0,""22"":0,""23"":0,""6"":0,""7"":93,""8"":86,""9"":73},""Saturday"":{""10"":66,""11"":66,""12"":66,""13"":60,""14"":60,""15"":60,""16"":40,""17"":33,""18"":53,""19"":53,""20"":0,""21"":0,""22"":0,""23"":0,""6"":0,""7"":40,""8"":33,""9"":66},""Sunday"":{""10"":73,""11"":80,""12"":73,""13"":80,""14"":53,""15"":66,""16"":53,""17"":73,""18"":46,""19"":26,""20"":0,""21"":0,""22"":0,""23"":0,""6"":0,""7"":46,""8"":66,""9"":73},""Thursday"":{""10"":33,""11"":46,""12"":40,""13"":46,""14"":20,""15"":26,""16"":13,""17"":20,""18"":33,""19"":46,""20"":0,""21"":0,""22"":0,""23"":0,""6"":0,""7"":33,""8"":26,""9"":33},""Tuesday"":{""10"":53,""11"":73,""12"":60,""13"":53,""14"":53,""15"":66,""16"":53,""17"":60,""18"":46,""19"":53,""20"":0,""21"":0,""22"":0,""23"":0,""6"":0,""7"":66,""8"":60,""9"":46},""Wednesday"":{""10"":66,""11"":40,""12"":40,""13"":46,""14"":86,""15"":100,""16"":100,""17"":93,""18"":66,""19"":46,""20"":0,""21"":0,""22"":0,""23"":0,""6"":0,""7"":0,""8"":20,""9"":46}}",http://www.scentralbark.co.uk/?utm_source=google&utm_medium=wix_google_business_profile&utm_campaign=11372047645598905558,07976 048711,8V33+F9 Ellon,56,5.000000,"{""1"":0,""2"":0,""3"":0,""4"":1,""5"":55}",57.303626,-2.146600,5108363444363910675,Open ⋅ Closes 8 pm,,https://search.google.com/local/reviews?placeid=ChIJPaBO4qtthEgRE97mxHyN5EY&q=Scentral+Bark&authuser=0&hl=en&gl=GB,https://lh3.googleusercontent.com/p/AF1QipMyx66x1jop5fmd6xowxlCsfn7sjkw7Q9wYCMqH=w408-h271-k-no,Europe/London,,0x48846dabe24ea03d:0x46e48d7cc4e6de13,"[{""title"":""All"",""image"":""https://lh3.googleusercontent.com/p/AF1QipMyx66x1jop5fmd6xowxlCsfn7sjkw7Q9wYCMqH=w447-h298-k-no""},{""title"":""Field"",""image"":""https://lh3.googleusercontent.com/p/AF1QipO2ECQJKpKUUnHKo-K4UDGAYfAw5LDnaGmftoU_=w447-h298-k-no""},{""title"":""By owner"",""image"":""https://lh3.googleusercontent.com/p/AF1QipNylQrRKR0AQGojQwHfHsyQny2B_8EtTVLAmRQp=w447-h298-k-no""},{""title"":""Street View \u0026 360°"",""image"":""https://streetviewpixels-pa.googleapis.com/v1/thumbnail?panoid=p-Kjp6q0fFTABDupSdONpg\u0026cb_client=maps_sv.tactile.gps\u0026w=224\u0026h=298\u0026yaw=276.90533\u0026pitch=0\u0026thumbfov=100""}]",null,null,"{""link"":"""",""source"":""""}","{""id"":""104211628861586800051"",""name"":""Scentral Bark (owner)"",""link"":""https://www.google.com/maps/contrib/104211628861586800051""}","{""borough"":""Udny Station"",""street"":"""",""city"":""Ellon"",""postal_code"":""AB41 6QN"",""state"":"""",""country"":""GB""}","[{""id"":""from_the_business"",""name"":""From the business"",""options"":[{""name"":""Identifies as women-owned"",""enabled"":true}]},{""id"":""accessibility"",""name"":""Accessibility"",""options"":[{""name"":""Wheelchair-accessible car park"",""enabled"":true},{""name"":""Wheelchair-accessible entrance"",""enabled"":true}]},{""id"":""amenities"",""name"":""Amenities"",""options"":[{""name"":""Picnic tables"",""enabled"":true}]},{""id"":""crowd"",""name"":""Crowd"",""options"":[{""name"":""LGBTQ+ friendly"",""enabled"":true},{""name"":""Transgender safe space"",""enabled"":true}]},{""id"":""children"",""name"":""Children"",""options"":[{""name"":""Good for kids"",""enabled"":true}]},{""id"":""pets"",""name"":""Pets"",""options"":[{""name"":""Dogs allowed"",""enabled"":true}]}]",[],null,
f0931a86-1ad3-4cde-a049-2fb11dc2349c,https://www.google.com/maps/place/Newseat+Community+Woodlands/data=!4m7!3m6!1s0x48844195522ed5d9:0xb7be0c54f2353f67!8m2!3d57.2805272!4d-2.4349902!16s%2Fg%2F11s34hccw1!19sChIJ2dUuUpVBhEgRZz818lQMvrc?authuser=0&hl=en&rclk=1,Newseat Community Woodlands,Park and Garden,"Woodlands, Newseat Community, Inverurie AB51 5JJ",{},"{""Friday"":{""0"":40,""1"":20,""10"":66,""11"":53,""12"":60,""13"":53,""14"":33,""15"":20,""16"":13,""17"":20,""18"":26,""19"":6,""2"":6,""20"":6,""21"":20,""22"":46,""23"":60,""3"":13,""4"":6,""5"":6,""6"":26,""7"":33,""8"":26,""9"":46},""Monday"":{""0"":20,""1"":6,""10"":40,""11"":13,""12"":13,""13"":6,""14"":20,""15"":46,""16"":66,""17"":73,""18"":66,""19"":66,""2"":13,""20"":73,""21"":46,""22"":20,""23"":26,""3"":33,""4"":66,""5"":93,""6"":80,""7"":60,""8"":46,""9"":40},""Saturday"":{""0"":26,""1"":33,""10"":20,""11"":26,""12"":26,""13"":40,""14"":46,""15"":33,""16"":46,""17"":33,""18"":53,""19"":40,""2"":20,""20"":46,""21"":26,""22"":13,""23"":6,""3"":13,""4"":26,""5"":46,""6"":53,""7"":33,""8"":20,""9"":13},""Sunday"":{""0"":40,""1"":33,""10"":100,""11"":86,""12"":66,""13"":40,""14"":33,""15"":26,""16"":26,""17"":26,""18"":46,""19"":53,""2"":26,""20"":66,""21"":66,""22"":60,""23"":46,""3"":26,""4"":46,""5"":53,""6"":26,""7"":26,""8"":40,""9"":86},""Thursday"":{""0"":20,""1"":26,""10"":40,""11"":33,""12"":53,""13"":66,""14"":66,""15"":73,""16"":66,""17"":66,""18"":53,""19"":53,""2"":20,""20"":20,""21"":20,""22"":20,""23"":26,""3"":33,""4"":60,""5"":73,""6"":53,""7"":66,""8"":53,""9"":40},""Tuesday"":{""0"":20,""1"":40,""10"":33,""11"":46,""12"":33,""13"":46,""14"":40,""15"":40,""16"":20,""17"":26,""18"":20,""19"":33,""2"":53,""20"":33,""21"":20,""22"":6,""23"":13,""3"":53,""4"":40,""5"":26,""6"":26,""7"":20,""8"":26,""9"":33},""Wednesday"":{""0"":20,""1"":33,""10"":46,""11"":40,""12"":53,""13"":46,""14"":46,""15"":46,""16"":46,""17"":53,""18"":46,""19"":66,""2"":33,""20"":66,""21"":80,""22"":53,""23"":53,""3"":33,""4"":46,""5"":73,""6"":93,""7"":80,""8"":66,""9"":33}}",,07949 679158,7HJ8+62 Inverurie,10,4.700000,"{""1"":0,""2"":0,""3"":0,""4"":3,""5"":7}",57.280527,-2.434990,13240033513496199015,,,https://search.google.com/local/reviews?placeid=ChIJ2dUuUpVBhEgRZz818lQMvrc&q=Newseat+Community+Woodlands&authuser=0&hl=en&gl=GB,https://lh3.googleusercontent.com/gps-cs-s/AC9h4nrISEP-hpCLPin6zyh5DsQiSox6SXKL3C_aMtrlG44UYkL2umIZmWxTVMblX6ZQgzL-3uHOYfKZ6JIBmg0kvzkbLpEMyHcgXLpPUVH0kjgI9N_alwA06IfQnKil7jhpnqo0hrhSfg=w426-h240-k-no,Europe/London,,0x48844195522ed5d9:0xb7be0c54f2353f67,"[{""title"":""All"",""image"":""https://lh3.googleusercontent.com/gps-cs-s/AC9h4nrISEP-hpCLPin6zyh5DsQiSox6SXKL3C_aMtrlG44UYkL2umIZmWxTVMblX6ZQgzL-3uHOYfKZ6JIBmg0kvzkbLpEMyHcgXLpPUVH0kjgI9N_alwA06IfQnKil7jhpnqo0hrhSfg=w529-h298-k-no""},{""title"":""Street View \u0026 360°"",""image"":""https://streetviewpixels-pa.googleapis.com/v1/thumbnail?panoid=6vQaf_2Nd6__Nnbpj4b77w\u0026cb_client=maps_sv.tactile.gps\u0026w=224\u0026h=298\u0026yaw=168.90926\u0026pitch=0\u0026thumbfov=100""}]",null,null,"{""link"":"""",""source"":""""}","{""id"":""107570421463000654298"",""name"":""Newseat Community Woodlands (owner)"",""link"":""https://www.google.com/maps/contrib/107570421463000654298""}","{""borough"":"""",""street"":""Woodlands, Newseat Community"",""city"":""Inverurie"",""postal_code"":""AB51 5JJ"",""state"":"""",""country"":""GB""}","[{""id"":""activities"",""name"":""Activities"",""options"":[{""name"":""Hiking"",""enabled"":true}]},{""id"":""children"",""name"":""Children"",""options"":[{""name"":""Good for kids"",""enabled"":true},{""name"":""Kid-friendly hikes"",""enabled"":true}]},{""id"":""pets"",""name"":""Pets"",""options"":[{""name"":""Dogs allowed"",""enabled"":true}]}]",[],null,
f0931a86-1ad3-4cde-a049-2fb11dc2349c,https://www.google.com/maps/place/Classy+Tails/data=!4m7!3m6!1s0x4884415aca1d0809:0x4d03e37fea744db6!8m2!3d57.2878135!4d-2.4082566!16s%2Fg%2F11swjxst__!19sChIJCQgdylpBhEgRtk106n_jA00?authuser=0&hl=en&rclk=1,Classy Tails,Pet groomer,"10 Brae Wynd, Inverurie AB51 5SB","{""Friday"":[""8:30 am–4:30 pm""],""Monday"":[""8:30 am–1 pm""],""Saturday"":[""Closed""],""Sunday"":[""Closed""],""Thursday"":[""9:30 am–5:30 pm""],""Tuesday"":[""8:30 am–4:30 pm""],""Wednesday"":[""11:30 am–7 pm""]}",{},https://www.facebook.com/classytailsdoggrooming/,07773 211907,7HQR+4M Inverurie,1,5.000000,"{""1"":0,""2"":0,""3"":0,""4"":0,""5"":1}",57.287813,-2.408257,5549529304384425398,Closes soon ⋅ 7 pm ⋅ Opens 9:30 am Thu,,https://search.google.com/local/reviews?placeid=ChIJCQgdylpBhEgRtk106n_jA00&q=Classy+Tails&authuser=0&hl=en&gl=GB,https://lh3.googleusercontent.com/p/AF1QipMDiqy86_2E18gSqlBCCFcKTWwD40T5Qk1uRfNe=w546-h240-k-no,Europe/London,,0x4884415aca1d0809:0x4d03e37fea744db6,"[{""title"":""All"",""image"":""https://lh3.googleusercontent.com/p/AF1QipMDiqy86_2E18gSqlBCCFcKTWwD40T5Qk1uRfNe=w678-h298-k-no""},{""title"":""Dog"",""image"":""https://lh3.googleusercontent.com/p/AF1QipMFrn1-reBD02a6B191FTDxOQhc448q-Ri5o2zs=w298-h298-k-no""},{""title"":""Videos"",""image"":""https://lh3.googleusercontent.com/p/AF1QipMo7InsvHprtWLYA8z5S8Apn-iNdyXjtxl8NrM3=w224-h398-k-no""},{""title"":""By owner"",""image"":""https://lh3.googleusercontent.com/p/AF1QipMo7InsvHprtWLYA8z5S8Apn-iNdyXjtxl8NrM3=w224-h398-k-no""},{""title"":""Street View \u0026 360°"",""image"":""https://streetviewpixels-pa.googleapis.com/v1/thumbnail?panoid=EfrUTvYwfQDbICqTUImEQQ\u0026cb_client=maps_sv.tactile.gps\u0026w=224\u0026h=298\u0026yaw=64.66922\u0026pitch=0\u0026thumbfov=100""}]",null,null,"{""link"":"""",""source"":""""}","{""id"":""107228231660575503760"",""name"":""Classy Tails (owner)"",""link"":""https://www.google.com/maps/contrib/107228231660575503760""}","{""borough"":"""",""street"":""10 Brae Wynd"",""city"":""Inverurie"",""postal_code"":""AB51 5SB"",""state"":"""",""country"":""GB""}","[{""id"":""payments"",""name"":""Payments"",""options"":[{""name"":""Debit cards"",""enabled"":true}]}]",[],null,
f0931a86-1ad3-4cde-a049-2fb11dc2349c,https://www.google.com/maps/place/Barkwrights+Dog+and+Puppy+Training/data=!4m7!3m6!1s0x488446b53ce756cf:0x94c9bf6990aa40ff!8m2!3d57.326985!4d-2.495013!16s%2Fg%2F11c30t2_x5!19sChIJz1bnPLVGhEgR_0CqkGm_yZQ?authuser=0&hl=en&rclk=1,Barkwrights Dog and Puppy Training,Dog trainer,"Rohan Fields,, Logie Country Estate,, Pitcaple AB51 5EE",{},{},http://www.barkwrights.com/,07725 336019,8GG3+QX Inverurie,28,5.000000,"{""1"":0,""2"":0,""3"":0,""4"":0,""5"":28}",57.326985,-2.495013,10721310848051724543,,,https://search.google.com/local/reviews?placeid=ChIJz1bnPLVGhEgR_0CqkGm_yZQ&q=Barkwrights+Dog+and+Puppy+Training&authuser=0&hl=en&gl=GB,https://lh3.googleusercontent.com/p/AF1QipP9WSP9e1jE7J4BaLIO05Z8rqMSkor1SBkTf7_1=w408-h278-k-no,Europe/London,,0x488446b53ce756cf:0x94c9bf6990aa40ff,"[{""title"":""All"",""image"":""https://lh3.googleusercontent.com/p/AF1QipP9WSP9e1jE7J4BaLIO05Z8rqMSkor1SBkTf7_1=w437-h298-k-no""},{""title"":""Dog"",""image"":""https://lh3.googleusercontent.com/gps-cs-s/AC9h4nrBC5VW88DvKFI2XM8dajMsATnn3tSc_voEmg_tNLFMfDiH24heoVmlspiDo5yyZTk4oH469sSIwLmFeSyYm9IxsImy8zl230EvtBHMOoBI0FBZ1f4mOPGuejUVhrvkTK9tMAc=w224-h298-k-no""},{""title"":""By owner"",""image"":""https://lh3.googleusercontent.com/p/AF1QipNr80kBOvUFjUVhagmNHVMOZ1KtZif_bWKD1Umz=w298-h298-k-no""},{""title"":""Street View \u0026 360°"",""image"":""https://streetviewpixels-pa.googleapis.com/v1/thumbnail?panoid=20jQyiVvKY10GuJDNKGmAw\u0026cb_client=maps_sv.tactile.gps\u0026w=224\u0026h=298\u0026yaw=139.12932\u0026pitch=0\u0026thumbfov=100""}]",null,null,"{""link"":"""",""source"":""""}","{""id"":""115997753564881378665"",""name"":""Barkwrights Dog and Puppy Training (owner)"",""link"":""https://www.google.com/maps/contrib/115997753564881378665""}","{""borough"":"""",""street"":""Rohan Fields,, Logie Country Estate,"",""city"":""Pitcaple"",""postal_code"":""AB51 5EE"",""state"":"""",""country"":""GB""}","[{""id"":""accessibility"",""name"":""Accessibility"",""options"":[{""name"":""Wheelchair-accessible car park"",""enabled"":true},{""name"":""Wheelchair-accessible entrance"",""enabled"":true}]}]",[],null,
f0931a86-1ad3-4cde-a049-2fb11dc2349c,https://www.google.com/maps/place/Ray+of+the+Rovers/data=!4m7!3m6!1s0x48844037a5624bd5:0x1531799c7b80cad3!8m2!3d57.29506!4d-2.396995!16s%2Fg%2F11fy_dfywt!19sChIJ1UtipTdAhEgR08qAe5x5MRU?authuser=0&hl=en&rclk=1,Ray of the Rovers,Dog walker,"8 Irvine Way, Inverurie AB51 4ZR","{""Friday"":[""Open 24 hours""],""Monday"":[""Open 24 hours""],""Saturday"":[""Open 24 hours""],""Sunday"":[""Open 24 hours""],""Thursday"":[""Open 24 hours""],""Tuesday"":[""Open 24 hours""],""Wednesday"":[""Open 24 hours""]}","{""Friday"":{""0"":73,""1"":93,""10"":20,""11"":46,""12"":66,""13"":66,""14"":60,""15"":40,""16"":40,""17"":20,""18"":33,""19"":26,""2"":60,""20"":53,""21"":33,""22"":40,""23"":53,""3"":40,""4"":33,""5"":26,""6"":40,""7"":40,""8"":26,""9"":20},""Monday"":{""0"":6,""1"":0,""10"":73,""11"":53,""12"":80,""13"":100,""14"":53,""15"":40,""16"":26,""17"":33,""18"":33,""19"":13,""2"":0,""20"":13,""21"":13,""22"":13,""23"":13,""3"":13,""4"":13,""5"":40,""6"":46,""7"":60,""8"":73,""9"":66},""Saturday"":{""0"":60,""1"":60,""10"":6,""11"":20,""12"":33,""13"":60,""14"":73,""15"":60,""16"":46,""17"":33,""18"":13,""19"":6,""2"":66,""20"":20,""21"":33,""22"":46,""23"":46,""3"":46,""4"":53,""5"":33,""6"":40,""7"":33,""8"":26,""9"":6},""Sunday"":{""0"":26,""1"":40,""10"":46,""11"":46,""12"":53,""13"":53,""14"":60,""15"":60,""16"":53,""17"":66,""18"":73,""19"":66,""2"":46,""20"":73,""21"":60,""22"":26,""23"":20,""3"":46,""4"":40,""5"":40,""6"":46,""7"":40,""8"":46,""9"":40},""Thursday"":{""0"":20,""1"":33,""10"":33,""11"":40,""12"":46,""13"":60,""14"":80,""15"":66,""16"":66,""17"":53,""18"":26,""19"":33,""2"":20,""20"":46,""21"":40,""22"":40,""23"":33,""3"":13,""4"":26,""5"":40,""6"":53,""7"":20,""8"":13,""9"":13},""Tuesday"":{""0"":46,""1"":20,""10"":13,""11"":33,""12"":46,""13"":53,""14"":40,""15"":33,""16"":46,""17"":53,""18"":53,""19"":40,""2"":6,""20"":13,""21"":13,""22"":26,""23"":40,""3"":6,""4"":26,""5"":40,""6"":53,""7"":60,""8"":46,""9"":26},""Wednesday"":{""0"":20,""1"":46,""10"":40,""11"":40,""12"":46,""13"":46,""14"":60,""15"":46,""16"":53,""17"":40,""18"":66,""19"":73,""2"":66,""20"":80,""21"":53,""22"":40,""23"":26,""3"":86,""4"":66,""5"":53,""6"":53,""7"":53,""8"":60,""9"":40}}",,07746 018339,7JW3+26 Inverurie,0,0.000000,"{""1"":0,""2"":0,""3"":0,""4"":0,""5"":0}",57.295060,-2.396995,1527135461649205971,Open 24 hours,,,https://streetviewpixels-pa.googleapis.com/v1/thumbnail?panoid=pFQBrpLjzjIhTET-s5xrGw&cb_client=search.gws-prod.gps&w=408&h=240&yaw=31.333895&pitch=0&thumbfov=100,Europe/London,,0x48844037a5624bd5:0x1531799c7b80cad3,"[{""title"":""All"",""image"":""https://streetviewpixels-pa.googleapis.com/v1/thumbnail?panoid=pFQBrpLjzjIhTET-s5xrGw\u0026cb_client=maps_sv.tactile.gps\u0026w=224\u0026h=298\u0026yaw=31.333895\u0026pitch=0\u0026thumbfov=100""},{""title"":""Street View \u0026 360°"",""image"":""https://streetviewpixels-pa.googleapis.com/v1/thumbnail?panoid=pFQBrpLjzjIhTET-s5xrGw\u0026cb_client=maps_sv.tactile.gps\u0026w=224\u0026h=298\u0026yaw=31.333895\u0026pitch=0\u0026thumbfov=100""}]",null,null,"{""link"":"""",""source"":""""}","{""id"":"""",""name"":""Ray of the Rovers (owner)"",""link"":""""}","{""borough"":"""",""street"":""8 Irvine Way"",""city"":""Inverurie"",""postal_code"":""AB51 4ZR"",""state"":"""",""country"":""GB""}",null,[],null,
f0931a86-1ad3-4cde-a049-2fb11dc2349c,https://www.google.com/maps/place/Run+Free+Dog+Fields+-+Inverurie/data=!4m7!3m6!1s0x48844157652df7f9:0x6580acc1b1158263!8m2!3d57.3000184!4d-2.4263898!16s%2Fg%2F11nckq6x_9!19sChIJ-fctZVdBhEgRY4IVscGsgGU?authuser=0&hl=en&rclk=1,Run Free Dog Fields - Inverurie,Dog park,"North St, Inverurie AB51 5DP","{""Friday"":[""7 am–9:30 pm""],""Monday"":[""7 am–9:30 pm""],""Saturday"":[""7 am–9:30 pm""],""Sunday"":[""7 am–9:30 pm""],""Thursday"":[""7 am–9:30 pm""],""Tuesday"":[""7 am–9:30 pm""],""Wednesday"":[""7 am–9:30 pm""]}","{""Friday"":{""10"":75,""11"":56,""12"":75,""13"":75,""14"":68,""15"":56,""16"":43,""17"":50,""18"":50,""19"":43,""20"":56,""21"":37,""22"":0,""23"":0,""6"":0,""7"":12,""8"":31,""9"":68},""Monday"":{""10"":37,""11"":43,""12"":31,""13"":25,""14"":25,""15"":43,""16"":68,""17"":87,""18"":81,""19"":62,""20"":62,""21"":31,""22"":0,""23"":0,""6"":0,""7"":31,""8"":12,""9"":18},""Saturday"":{""10"":12,""11"":25,""12"":31,""13"":56,""14"":50,""15"":56,""16"":31,""17"":25,""18"":18,""19"":31,""20"":25,""21"":18,""22"":0,""23"":0,""6"":0,""7"":0,""8"":6,""9"":12},""Sunday"":{""10"":12,""11"":25,""12"":31,""13"":62,""14"":31,""15"":18,""16"":18,""17"":18,""18"":12,""19"":31,""20"":43,""21"":62,""22"":0,""23"":0,""6"":0,""7"":37,""8"":18,""9"":12},""Thursday"":{""10"":43,""11"":43,""12"":56,""13"":37,""14"":31,""15"":31,""16"":25,""17"":31,""18"":50,""19"":43,""20"":31,""21"":31,""22"":0,""23"":0,""6"":0,""7"":37,""8"":37,""9"":37},""Tuesday"":{""10"":50,""11"":62,""12"":50,""13"":37,""14"":25,""15"":31,""16"":37,""17"":37,""18"":37,""19"":37,""20"":43,""21"":37,""22"":0,""23"":0,""6"":0,""7"":50,""8"":43,""9"":50},""Wednesday"":{""10"":87,""11"":81,""12"":75,""13"":68,""14"":43,""15"":31,""16"":25,""17"":25,""18"":12,""19"":12,""20"":37,""21"":50,""22"":0,""23"":0,""6"":0,""7"":62,""8"":100,""9"":81}}",http://runfreedogfields.co.uk/,07717 162879,8H2F+2C Inverurie,34,4.400000,"{""1"":1,""2"":1,""3"":1,""4"":11,""5"":20}",57.300018,-2.426390,7314035742749327971,Open ⋅ Closes 9:30 pm,,https://search.google.com/local/reviews?placeid=ChIJ-fctZVdBhEgRY4IVscGsgGU&q=Run+Free+Dog+Fields+-+Inverurie&authuser=0&hl=en&gl=GB,https://lh3.googleusercontent.com/gps-cs-s/AC9h4nqlu2CR8UIqjnWsZ7-8Cd1ND3ZQ-5wXU-J9ZozIYCpAwuTjv9hLPK8bFGXYwjcQR9BF6VE1xZsyS2cD6X2UeFO53RdTJFCSDjbsdTPGl-vQFF3LTnsfGKlk_AIe6adP7JTJJHIHeA=w408-h544-k-no,Europe/London,,0x48844157652df7f9:0x6580acc1b1158263,"[{""title"":""All"",""image"":""https://lh3.googleusercontent.com/gps-cs-s/AC9h4nqlu2CR8UIqjnWsZ7-8Cd1ND3ZQ-5wXU-J9ZozIYCpAwuTjv9hLPK8bFGXYwjcQR9BF6VE1xZsyS2cD6X2UeFO53RdTJFCSDjbsdTPGl-vQFF3LTnsfGKlk_AIe6adP7JTJJHIHeA=w224-h298-k-no""},{""title"":""Dog"",""image"":""https://lh3.googleusercontent.com/gps-cs-s/AC9h4np6ysKcJaMQdGMoYunkgZdyjBYVlIA9VOA1d7VMI71AVqmUaZeHamx3I-v-DBjmQ0ScP70nhLp0u589WePXDlrOS68q1YMGjyaVTFvZn0It6MXfkUmbo6wOgO-iJCDi7CjDWJ_p=w224-h298-k-no""},{""title"":""Videos"",""image"":""https://lh3.googleusercontent.com/gps-cs-s/AC9h4np-K-2_W6plGD6APPuqRNFw9YfZYyxInaTv4rf-eL1VXem5TSfqRgyesoSnkfO-CUVUgkmbI6aThQCSqYPl_b0H7Y5c3z3ZGkW1dSSwf-niiq8lngkCFMap5tCM3Fr45P55ZhU=w529-h298-k-no""},{""title"":""Street View \u0026 360°"",""image"":""https://streetviewpixels-pa.googleapis.com/v1/thumbnail?panoid=9GM--P0ff8Tb2HRSGZblPg\u0026cb_client=maps_sv.tactile.gps\u0026w=224\u0026h=298\u0026yaw=193.62566\u0026pitch=0\u0026thumbfov=100""}]",null,null,"{""link"":"""",""source"":""""}","{""id"":""115539721783196034636"",""name"":""Run Free Dog Fields - Inverurie (owner)"",""link"":""https://www.google.com/maps/contrib/115539721783196034636""}","{""borough"":"""",""street"":""North St"",""city"":""Inverurie"",""postal_code"":""AB51 5DP"",""state"":"""",""country"":""GB""}","[{""id"":""amenities"",""name"":""Amenities"",""options"":[{""name"":""Picnic tables"",""enabled"":true}]},{""id"":""pets"",""name"":""Pets"",""options"":[{""name"":""Dogs allowed"",""enabled"":true}]}]",[],null,
f0931a86-1ad3-4cde-a049-2fb11dc2349c,https://www.google.com/maps/place/Will%27s+Walkies/data=!4m7!3m6!1s0x488415671638314b:0xdacdfb7aade86860!8m2!3d57.2353601!4d-2.3548218!16s%2Fg%2F1pty8h427!19sChIJSzE4FmcVhEgRYGjorXr7zdo?authuser=0&hl=en&rclk=1,Will's Walkies,Dog walker,"6 McFadden Cres, Kintore, Inverurie AB51 0SD","{""Friday"":[""9 am–5 pm""],""Monday"":[""9 am–5 pm""],""Saturday"":[""Closed""],""Sunday"":[""Closed""],""Thursday"":[""9 am–5 pm""],""Tuesday"":[""9 am–5 pm""],""Wednesday"":[""9 am–5 pm""]}",{},,07717 687168,6JPW+43 Inverurie,3,5.000000,"{""1"":0,""2"":0,""3"":0,""4"":0,""5"":3}",57.235360,-2.354822,15766534374816245856,Closed ⋅ Opens 9 am Thu,,https://search.google.com/local/reviews?placeid=ChIJSzE4FmcVhEgRYGjorXr7zdo&q=Will's+Walkies&authuser=0&hl=en&gl=GB,https://streetviewpixels-pa.googleapis.com/v1/thumbnail?panoid=gnqxIaB9u2N7f4MzjwaBLQ&cb_client=search.gws-prod.gps&w=408&h=240&yaw=119.57601&pitch=0&thumbfov=100,Europe/London,,0x488415671638314b:0xdacdfb7aade86860,"[{""title"":""All"",""image"":""https://streetviewpixels-pa.googleapis.com/v1/thumbnail?panoid=gnqxIaB9u2N7f4MzjwaBLQ\u0026cb_client=maps_sv.tactile.gps\u0026w=224\u0026h=298\u0026yaw=119.57601\u0026pitch=0\u0026thumbfov=100""},{""title"":""Street View \u0026 360°"",""image"":""https://streetviewpixels-pa.googleapis.com/v1/thumbnail?panoid=gnqxIaB9u2N7f4MzjwaBLQ\u0026cb_client=maps_sv.tactile.gps\u0026w=224\u0026h=298\u0026yaw=119.57601\u0026pitch=0\u0026thumbfov=100""}]",null,null,"{""link"":"""",""source"":""""}","{""id"":"""",""name"":""Will's Walkies (owner)"",""link"":""""}","{""borough"":""Kintore"",""street"":""6 McFadden Cres"",""city"":""Inverurie"",""postal_code"":""AB51 0SD"",""state"":"""",""country"":""GB""}",null,[],null,
f0931a86-1ad3-4cde-a049-2fb11dc2349c,https://www.google.com/maps/place/Tails+and+Treks/data=!4m7!3m6!1s0x48841592b9223c8d:0x16139c7a8fda555d!8m2!3d57.2285859!4d-2.355804!16s%2Fg%2F11rbmvrz6y!19sChIJjTwiuZIVhEgRXVXaj3qcExY?authuser=0&hl=en&rclk=1,Tails and Treks,Dog walker,"63 Hallforest Ave, Kintore, Inverurie AB51 0TF","{""Friday"":[""8:30 am–4:30 pm""],""Monday"":[""8:30 am–4:30 pm""],""Saturday"":[""Closed""],""Sunday"":[""Closed""],""Thursday"":[""8:30 am–4:30 pm""],""Tuesday"":[""8:30 am–4:30 pm""],""Wednesday"":[""8:30 am–4:30 pm""]}",{},,07772 024875,6JHV+CM Inverurie,0,0.000000,"{""1"":0,""2"":0,""3"":0,""4"":0,""5"":0}",57.228586,-2.355804,1590787143605310813,Closed ⋅ Opens 8:30 am Thu,,,https://lh3.googleusercontent.com/p/AF1QipMI0VtgGoy2EcZoehm36XYxn67mDUZWVkppijGL=w408-h300-k-no,Europe/London,,0x48841592b9223c8d:0x16139c7a8fda555d,"[{""title"":""All"",""image"":""https://lh3.googleusercontent.com/p/AF1QipMI0VtgGoy2EcZoehm36XYxn67mDUZWVkppijGL=w404-h298-k-no""},{""title"":""Dog"",""image"":""https://lh3.googleusercontent.com/p/AF1QipOWRGkoWEHFrbZNxMbj9MmGDABSrX8_NojXsekF=w353-h298-k-no""},{""title"":""By owner"",""image"":""https://lh3.googleusercontent.com/p/AF1QipM9uhlxYVbdf5ClRNanVCewFNYXbJnFBv0-0V90=w298-h298-k-no""},{""title"":""Street View \u0026 360°"",""image"":""https://streetviewpixels-pa.googleapis.com/v1/thumbnail?panoid=BIG-J1BrprqQRRbfYmC2Tg\u0026cb_client=maps_sv.tactile.gps\u0026w=224\u0026h=298\u0026yaw=170.0044\u0026pitch=0\u0026thumbfov=100""}]",null,null,"{""link"":"""",""source"":""""}","{""id"":""103948943890432401552"",""name"":""Tails and Treks (owner)"",""link"":""https://www.google.com/maps/contrib/103948943890432401552""}","{""borough"":""Kintore"",""street"":""63 Hallforest Ave"",""city"":""Inverurie"",""postal_code"":""AB51 0TF"",""state"":"""",""country"":""GB""}",null,[],null,
f0931a86-1ad3-4cde-a049-2fb11dc2349c,https://www.google.com/maps/place/For+The+Love+Of+Dogs/data=!4m7!3m6!1s0x4884156f8619bf95:0x8ecd7c479a6b6798!8m2!3d57.2345382!4d-2.4451958!16s%2Fg%2F12hm76605!19sChIJlb8Zhm8VhEgRmGdrmkd8zY4?authuser=0&hl=en&rclk=1,For The Love Of Dogs,Dog walker,"Post Office House, High St, Kemnay, Inverurie AB51 5NB","{""Friday"":[""9 am–4 pm""],""Monday"":[""9 am–4 pm""],""Saturday"":[""Closed""],""Sunday"":[""Closed""],""Thursday"":[""9 am–4 pm""],""Tuesday"":[""9 am–4 pm""],""Wednesday"":[""9 am–4 pm""]}",{},,07944 676074,6HM3+RW Inverurie,3,3.700000,"{""1"":1,""2"":0,""3"":0,""4"":0,""5"":2}",57.234538,-2.445196,10290017370586703768,Closed ⋅ Opens 9 am Thu,,https://search.google.com/local/reviews?placeid=ChIJlb8Zhm8VhEgRmGdrmkd8zY4&q=For+The+Love+Of+Dogs&authuser=0&hl=en&gl=GB,https://lh3.googleusercontent.com/gps-cs-s/AC9h4noCExSBh5G5tyaqSt0C3GJGCLMKRf_t8njoHRQNQ5uWL_wbCXbUR03XlDfka7VxRu9vwJgP2_VpuQFTE6LsmCR4IdX_ZwIqMArqqZHlURcepVh0FjIQqKjQZcbfVf75ho84Rx_EJQ=w408-h725-k-no,Europe/London,,0x4884156f8619bf95:0x8ecd7c479a6b6798,"[{""title"":""All"",""image"":""https://lh3.googleusercontent.com/gps-cs-s/AC9h4noCExSBh5G5tyaqSt0C3GJGCLMKRf_t8njoHRQNQ5uWL_wbCXbUR03XlDfka7VxRu9vwJgP2_VpuQFTE6LsmCR4IdX_ZwIqMArqqZHlURcepVh0FjIQqKjQZcbfVf75ho84Rx_EJQ=w224-h398-k-no""},{""title"":""Street View \u0026 360°"",""image"":""https://streetviewpixels-pa.googleapis.com/v1/thumbnail?panoid=6y2zKfbHOrNHEWwi9xDAVg\u0026cb_client=maps_sv.tactile.gps\u0026w=224\u0026h=298\u0026yaw=26.620955\u0026pitch=0\u0026thumbfov=100""},{""title"":""Videos"",""image"":""https://lh3.googleusercontent.com/gps-cs-s/AC9h4nqE8NNnD_dHB3tHAvWd_JEUM0JV5ecVDo2mhIgSRBEHcQEEBn0PRsHHOjKJ9NABXDE9gJR1IVWH7SSOPZwToqMfnRqxnW7bLunch91FdctguTA-iN8M8g0k2Ym3wvpeQy_1rSA=w529-h298-k-no""}]",null,null,"{""link"":"""",""source"":""""}","{""id"":"""",""name"":""For The Love Of Dogs (owner)"",""link"":""""}","{""borough"":""Kemnay"",""street"":""Post Office House, High St"",""city"":""Inverurie"",""postal_code"":""AB51 5NB"",""state"":"""",""country"":""GB""}",null,[],null,
f0931a86-1ad3-4cde-a049-2fb11dc2349c,https://www.google.com/maps/place/Begging+for+a+walk-+Dog+Walking+%26+Pet+Sitting/data=!4m7!3m6!1s0x4884156746461361:0x9a22bbf9a16fb78e!8m2!3d57.2359997!4d-2.355891!16s%2Fg%2F11crzzh3ny!19sChIJYRNGRmcVhEgRjrdvofm7Ipo?authuser=0&hl=en&rclk=1,Begging for a walk- Dog Walking & Pet Sitting,Dog walker,"16 Castleview Ave, Kintore, Inverurie AB51 0SA","{""Friday"":[""8 am–5 pm""],""Monday"":[""8 am–5 pm""],""Saturday"":[""8 am–12 pm""],""Sunday"":[""Closed""],""Thursday"":[""8 am–5 pm""],""Tuesday"":[""8 am–5 pm""],""Wednesday"":[""8 am–5 pm""]}",{},,07929 736805,6JPV+9J Inverurie,0,0.000000,"{""1"":0,""2"":0,""3"":0,""4"":0,""5"":0}",57.236000,-2.355891,11106646311878768526,Closed ⋅ Opens 8 am Thu,,,https://lh3.googleusercontent.com/p/AF1QipMknE7ks24hGUJPykHaxVzVaggX5V-VJkFbGh_Z=w408-h271-k-no,Europe/London,,0x4884156746461361:0x9a22bbf9a16fb78e,"[{""title"":""All"",""image"":""https://lh3.googleusercontent.com/p/AF1QipMknE7ks24hGUJPykHaxVzVaggX5V-VJkFbGh_Z=w447-h298-k-no""},{""title"":""Dog"",""image"":""https://lh3.googleusercontent.com/p/AF1QipPq0OxUVCdZpgwA5pYFB2Ruy6cT2PHpzvNVGrGD=w224-h298-k-no""},{""title"":""By owner"",""image"":""https://lh3.googleusercontent.com/p/AF1QipMMYXRdAhC_wJs1roMamYXWHLS78eZMMKaCZfrC=w224-h298-k-no""},{""title"":""Street View \u0026 360°"",""image"":""https://streetviewpixels-pa.googleapis.com/v1/thumbnail?panoid=WftcUp1f2Und4eJ3yW76og\u0026cb_client=maps_sv.tactile.gps\u0026w=224\u0026h=298\u0026yaw=96.4367\u0026pitch=0\u0026thumbfov=100""}]",null,null,"{""link"":"""",""source"":""""}","{""id"":""107100487511381524957"",""name"":""Begging for a walk- Dog Walking \u0026 Pet Sitting (owner)"",""link"":""https://www.google.com/maps/contrib/107100487511381524957""}","{""borough"":""Kintore"",""street"":""16 Castleview Ave"",""city"":""Inverurie"",""postal_code"":""AB51 0SA"",""state"":"""",""country"":""GB""}",null,[],null,
f0931a86-1ad3-4cde-a049-2fb11dc2349c,https://www.google.com/maps/place/Oh+my+dog+-+Rothienorman/data=!4m7!3m6!1s0x488443e07fbbb51d:0x47a5d2afbda7bbe5!8m2!3d57.4120957!4d-2.4607518!16s%2Fg%2F11xd9sqp5h!19sChIJHbW7f-BDhEgR5bunva_SpUc?authuser=0&hl=en&rclk=1,Oh my dog - Rothienorman,Dog walker,"19 Fraser Ct, Rothienorman, Inverurie AB51 8SD","{""Friday"":[""Open 24 hours""],""Monday"":[""Open 24 hours""],""Saturday"":[""Open 24 hours""],""Sunday"":[""Open 24 hours""],""Thursday"":[""Open 24 hours""],""Tuesday"":[""Open 24 hours""],""Wednesday"":[""Open 24 hours""]}",{},,07538 414348,CG6Q+RM Inverurie,0,0.000000,"{""1"":0,""2"":0,""3"":0,""4"":0,""5"":0}",57.412096,-2.460752,5162764200093137893,Open 24 hours,,,https://streetviewpixels-pa.googleapis.com/v1/thumbnail?panoid=Qe-odRnw71Gc4U9FK1bMdg&cb_client=search.gws-prod.gps&w=408&h=240&yaw=137.0662&pitch=0&thumbfov=100,Europe/London,,0x488443e07fbbb51d:0x47a5d2afbda7bbe5,"[{""title"":""All"",""image"":""https://streetviewpixels-pa.googleapis.com/v1/thumbnail?panoid=Qe-odRnw71Gc4U9FK1bMdg\u0026cb_client=maps_sv.tactile.gps\u0026w=224\u0026h=298\u0026yaw=137.0662\u0026pitch=0\u0026thumbfov=100""},{""title"":""By owner"",""image"":""https://lh3.googleusercontent.com/p/AF1QipPavvj37RUkIw8CF57kvW9Ahb-XJXXjcjjP-m19=w224-h316-k-no""},{""title"":""Street View \u0026 360°"",""image"":""https://streetviewpixels-pa.googleapis.com/v1/thumbnail?panoid=Qe-odRnw71Gc4U9FK1bMdg\u0026cb_client=maps_sv.tactile.gps\u0026w=224\u0026h=298\u0026yaw=137.0662\u0026pitch=0\u0026thumbfov=100""}]",null,null,"{""link"":"""",""source"":""""}","{""id"":""104217652394253837921"",""name"":""Oh my dog - Rothienorman (owner)"",""link"":""https://www.google.com/maps/contrib/104217652394253837921""}","{""borough"":""Rothienorman"",""street"":""19 Fraser Ct"",""city"":""Inverurie"",""postal_code"":""AB51 8SD"",""state"":"""",""country"":""GB""}",null,[],null,
f0931a86-1ad3-4cde-a049-2fb11dc2349c,https://www.google.com/maps/place/Murphy%27s+trails/data=!4m7!3m6!1s0x4884437bd3c1cd2b:0xa8ca66a12450e874!8m2!3d57.3575105!4d-2.467553!16s%2Fg%2F11fv4c1vwp!19sChIJK83B03tDhEgRdOhQJKFmyqg?authuser=0&hl=en&rclk=1,Murphy's trails,Dog walker,"Meikle Wartle, Inverurie AB51 5BE",{},{},,07821 188393,9G5J+2X Inverurie,0,0.000000,"{""1"":0,""2"":0,""3"":0,""4"":0,""5"":0}",57.357510,-2.467553,12162646585952495732,,,,https://streetviewpixels-pa.googleapis.com/v1/thumbnail?panoid=3toY0RYsUFIzJ-1FWT0t_Q&cb_client=search.gws-prod.gps&w=408&h=240&yaw=330.9968&pitch=0&thumbfov=100,Europe/London,,0x4884437bd3c1cd2b:0xa8ca66a12450e874,"[{""title"":""All"",""image"":""https://streetviewpixels-pa.googleapis.com/v1/thumbnail?panoid=3toY0RYsUFIzJ-1FWT0t_Q\u0026cb_client=maps_sv.tactile.gps\u0026w=224\u0026h=298\u0026yaw=330.9968\u0026pitch=0\u0026thumbfov=100""},{""title"":""Street View \u0026 360°"",""image"":""https://streetviewpixels-pa.googleapis.com/v1/thumbnail?panoid=3toY0RYsUFIzJ-1FWT0t_Q\u0026cb_client=maps_sv.tactile.gps\u0026w=224\u0026h=298\u0026yaw=330.9968\u0026pitch=0\u0026thumbfov=100""}]",null,null,"{""link"":"""",""source"":""""}","{""id"":"""",""name"":""Murphy's trails (owner)"",""link"":""""}","{""borough"":""Meikle Wartle"",""street"":"""",""city"":""Inverurie"",""postal_code"":""AB51 5BE"",""state"":"""",""country"":""GB""}",null,[],null,
